Name,Date,Description,Topic 1,Topic 2,Topic 3,URL,Upvotes,Pricing,Reviews,Product Rating,Comments,Day Rank,Week Rank,Product Rating Float,Date Formatted,Day,Num Topics,Pricing Codes
Polar Habits,01-01-2024,Build lasting habits without the guilt of broken streaks,Health & Fitness,Productivity,Quantified Self,https://www.producthunt.com/posts/polar-habits-2/,779,Free Options,14,4.5/5 ?,126,1,6,4.5,2024-01-01,0,3,1
socra,01-01-2024,Crush your goals with AI,Productivity,SaaS,Artificial Intelligence,https://www.producthunt.com/posts/socra/,331,Free,1,5/5 ?,68,2,18,5.0,2024-01-01,0,3,0
Heydai,01-01-2024,Know where your time goes,Task Management,Time Tracking,Calendar,https://www.producthunt.com/posts/heydai/,298,Free Options,4,5/5 ?,82,3,22,5.0,2024-01-01,0,3,1
Freelancer Stash,01-01-2024,The best tools & resources for freelancing,Design Tools,Freelance,Tech,https://www.producthunt.com/posts/freelancer-stash/,235,Free,1,5/5 ?,54,4,29,5.0,2024-01-01,0,3,0
GPT Quiz Maker for Google Forms,01-01-2024,Make a quiz with AI and ChatGPT in just 1 click,Writing,Marketing,Artificial Intelligence,https://www.producthunt.com/posts/gpt-quiz-maker-for-google-forms/,150,Free Options,0,0,38,5,40,0.0,2024-01-01,0,3,1
FibonacciKu,01-01-2024,Personalized AI learning assistant for teachers and students,Productivity,Artificial Intelligence,Tech,https://www.producthunt.com/posts/fibonacciku/,115,Free Options,1,5/5 ?,29,6,48,5.0,2024-01-01,0,3,1
Avra Core,01-01-2024,"Think positively, change your life",Android,iOS,Health,https://www.producthunt.com/posts/avra-core/,105,Free,1,5/5 ?,47,7,56,5.0,2024-01-01,0,3,0
Habit Tracker,01-01-2024,Simple and user friendly habit tracker,Health & Fitness,Productivity,Lifestyle,https://www.producthunt.com/posts/habit-tracker-8/,84,Free Options,5,4.8/5 ?,26,8,66,4.8,2024-01-01,0,3,1
Legalify ADS,01-01-2024,High quality traffic filtering platform,Marketing,Advertising,SEO,https://www.producthunt.com/posts/legalify-ads/,74,Payment Required,2,5/5 ?,43,9,72,5.0,2024-01-01,0,3,2
Warcraft® Rumble,01-01-2024,Build your army of Minis,Android,Strategy Games,Fighting Games,https://www.producthunt.com/posts/warcraft-rumble/,74,Free,0,0,25,10,71,0.0,2024-01-01,0,3,0
2023 Wrapped Code Stats,01-01-2024,"Most used languages, IDEs, and stats of developers in 2023",Analytics,Time Tracking,Developer Tools,https://www.producthunt.com/posts/2023-wrapped-code-stats/,53,Free,30,5/5 ?,6,11,92,5.0,2024-01-01,0,3,0
Lottiebox,02-01-2024,Get rid of boring and slow web experiences,Design Tools,User Experience,Animation,https://www.producthunt.com/posts/lottiebox/,514,Payment Required,3,5/5 ?,108,1,9,5.0,2024-01-02,1,3,2
crewAI,02-01-2024,Platform for building sophisticated multi-agent interactions,Task Management,Open Source,Artificial Intelligence,https://www.producthunt.com/posts/crewai/,464,Free,0,0,56,2,16,0.0,2024-01-02,1,3,0
Micro Habits,02-01-2024,Breaking your goal into micro habit to achive greatness,Productivity,,,https://www.producthunt.com/posts/micro-habits-6/,271,Free Options,2,5/5 ?,83,3,23,5.0,2024-01-02,1,1,1
Memoru Flashcards,02-01-2024,Ace your studies with Memoru flashcards,Android,Productivity,Education,https://www.producthunt.com/posts/memoru-flashcards/,191,Free,1,5/5 ?,60,4,32,5.0,2024-01-02,1,3,0
Ferret,02-01-2024,Refer and ground anything anywhere at any granularity,Open Source,Artificial Intelligence,GitHub,https://www.producthunt.com/posts/ferret/,136,Free,1,5/5 ?,21,5,42,5.0,2024-01-02,1,3,0
FrequentlyAskedAI,02-01-2024,"Build an AI FAQ, answer any customer question in seconds",Customer Communication,Marketing,Artificial Intelligence,https://www.producthunt.com/posts/frequentlyaskedai/,132,Payment Required,0,0,44,6,44,0.0,2024-01-02,1,3,2
Adcolabs Scraper,02-01-2024,Webscraping meets Browserautomation,API,SaaS,Data,https://www.producthunt.com/posts/adcolabs-scraper/,121,Free Options,1,5/5 ?,54,7,49,5.0,2024-01-02,1,3,1
Your News,02-01-2024,"Personalized feed reader, RSS & YouTube",Android,Productivity,News,https://www.producthunt.com/posts/your-news/,103,Free,0,0,50,8,53,0.0,2024-01-02,1,3,0
Xypher,02-01-2024,Effortless file sharing with a single command,Productivity,Tech,,https://www.producthunt.com/posts/xypher/,68,Free Options,0,0,11,9,70,0.0,2024-01-02,1,2,1
MyInvestment-AI,02-01-2024,"AI helps secure wealth, trusted by 300+ users",Fintech,Investing,Money,https://www.producthunt.com/posts/myinvestment-ai/,71,Payment Required,1,5/5 ?,18,10,68,5.0,2024-01-02,1,3,2
Ahead,02-01-2024,Duolingo for emotional intelligence,Education,Health,,https://www.producthunt.com/posts/ahead-d7a13334-9084-4675-afdf-b5cf0026fd81/,76,Free,11,5/5 ?,9,11,74,5.0,2024-01-02,1,2,0
dataplots,02-01-2024,Hire top data talent in Latin America,Hiring,Remote Work,Data & Analytics,https://www.producthunt.com/posts/dataplots/,57,Payment Required,0,0,29,12,79,0.0,2024-01-02,1,3,2
Paper Billionaires,02-01-2024,Book club for entrepreneurs,Marketing,Startup Books,Books,https://www.producthunt.com/posts/paper-billionaires/,17,Payment Required,1,5/5 ?,2,13,110,5.0,2024-01-02,1,3,2
Open Love,02-01-2024,"Your perfect AI girlfriend, talk about anything you desire",Android,Internet of Things,Artificial Intelligence,https://www.producthunt.com/posts/open-love/,60,Free Options,0,0,19,14,86,0.0,2024-01-02,1,3,1
My Year,02-01-2024,"Speed journaling, life metrics for the modern human",Health & Fitness,Writing,Analytics,https://www.producthunt.com/posts/my-year-2/,34,Free,4,5/5 ?,2,15,107,5.0,2024-01-02,1,3,0
Captiwiz,02-01-2024,Generate stylish captions with AI & gain thousands of views,Emoji,Social Media,Artificial Intelligence,https://www.producthunt.com/posts/captiwiz/,28,Free Options,2,5/5 ?,20,0,88,5.0,2024-01-02,1,3,1
RawuserAI - Transform Your Website,02-01-2024,"Tailoring the web, one visitor at a time",Design Tools,User Experience,Artificial Intelligence,https://www.producthunt.com/posts/rawuserai-transform-your-website/,106,Free Options,2,5/5 ?,59,0,47,5.0,2024-01-02,1,3,1
LeadrPro for Events,03-01-2024,The networking app for events,Android,Events,Social Media,https://www.producthunt.com/posts/leadrpro-for-events/,650,Free Options,34,4.8/5 ?,147,1,4,4.8,2024-01-03,2,3,1
Confidence,03-01-2024,An experimentation platform made with love at Spotify,Spotify,Analytics,A/B Testing,https://www.producthunt.com/posts/confidence-2/,505,Payment Required,0,0,50,2,10,0.0,2024-01-03,2,3,2
Record Once,03-01-2024,Create video tutorials with AI that edits and fixes mistakes,SaaS,Artificial Intelligence,Video,https://www.producthunt.com/posts/record-once/,497,Free Options,3,3.7/5 ?,139,3,13,3.7,2024-01-03,2,3,1
Preline UI v2.0,03-01-2024,Open source Tailwind CSS component library,Productivity,Open Source,Developer Tools,https://www.producthunt.com/posts/preline-ui-v2-0/,372,Free,8,5/5 ?,72,4,20,5.0,2024-01-03,2,3,0
Telegram 10,03-01-2024,"Colorful calls, Thanos snap & an epic update for bots",Telegram,Messaging,Bots,https://www.producthunt.com/posts/telegram-10/,285,Free,294,4.9/5 ?,37,5,24,4.9,2024-01-03,2,3,0
ApparenceKit,03-01-2024,Launch profitable mobile + web apps at light speed,Productivity,Developer Tools,Maker Tools,https://www.producthunt.com/posts/apparencekit-2/,279,Payment Required,4,5/5 ?,52,6,26,5.0,2024-01-03,2,3,2
Moodboard Creator,03-01-2024,AI powered tool to kick off branding projects,Design Tools,User Experience,Artificial Intelligence,https://www.producthunt.com/posts/moodboard-creator/,230,Free,1,5/5 ?,43,7,30,5.0,2024-01-03,2,3,0
WordSnap - AI Flashcards Maker,03-01-2024,Visual vocabulary builder,iOS,Education,Languages,https://www.producthunt.com/posts/wordsnap-ai-flashcards-maker/,158,Free Options,1,5/5 ?,56,8,39,5.0,2024-01-03,2,3,1
Content Squeezy,03-01-2024,365 days worth of social media content ideas,Social Media,,,https://www.producthunt.com/posts/content-squeezy/,124,Payment Required,1,5/5 ?,72,9,46,5.0,2024-01-03,2,1,2
Many Penny,03-01-2024,"Skip the flyers, scan, compare, and save",Android,iOS,Shopping,https://www.producthunt.com/posts/many-penny/,76,Free Options,0,0,32,10,55,0.0,2024-01-03,2,3,1
CalmAlma,03-01-2024,Personalized stories and meditations to improve your sleep,Meditation,Artificial Intelligence,Health,https://www.producthunt.com/posts/calmalma/,92,Free Options,0,0,58,11,60,0.0,2024-01-03,2,3,1
Pet Booth,03-01-2024,Create AI pet photos and portraits of your cat or dog,Art,Pets,Artificial Intelligence,https://www.producthunt.com/posts/pet-booth/,86,Payment Required,0,0,36,12,63,0.0,2024-01-03,2,3,2
Textok,03-01-2024,Create automated writing guides to never prompt tone & style,Writing,Customer Communication,SaaS,https://www.producthunt.com/posts/textok/,94,Free,1,5/5 ?,68,13,61,5.0,2024-01-03,2,3,0
Cartfuls,03-01-2024,The chat based e-commerce: turn conversations to conversions,Artificial Intelligence,E-Commerce,,https://www.producthunt.com/posts/cartfuls/,61,Free Options,0,0,37,14,80,0.0,2024-01-03,2,2,1
PixelClub,03-01-2024,Unlimited world class design for startups for a monthly fee,Hiring,Design,UX Design,https://www.producthunt.com/posts/pixelclub/,62,Payment Required,1,5/5 ?,15,15,84,5.0,2024-01-03,2,3,2
LAUNCHED,03-01-2024,"Building your website, smarter and faster",Social Media,Artificial Intelligence,Tech,https://www.producthunt.com/posts/launched-3/,66,Free,1,5/5 ?,49,16,85,5.0,2024-01-03,2,3,0
JobMatchPro AI Recruiter,03-01-2024,"Your job search ends here, get matched to your dream company",Hiring,Productivity,Career,https://www.producthunt.com/posts/jobmatchpro-ai-recruiter/,53,Free,0,0,42,17,90,0.0,2024-01-03,2,3,0
gptengineer.app,04-01-2024,Rapid prototyping of web apps using English,Design Tools,Artificial Intelligence,No-Code,https://www.producthunt.com/posts/gptengineer-app/,0,Free,26,5/5 ?,222,1,1,5.0,2024-01-04,3,3,0
CompressX,04-01-2024,"Significant file size reduction, similar video quality",Productivity,Maker Tools,Video,https://www.producthunt.com/posts/compressx/,746,Payment Required,7,5/5 ?,204,2,7,5.0,2024-01-04,3,3,2
Convertixo for E-commerce,04-01-2024,Convert your e-commerce store into Android and iOS apps,E-Commerce,,,https://www.producthunt.com/posts/convertixo-for-e-commerce/,495,Free Options,1,5/5 ?,108,3,14,5.0,2024-01-04,3,1,1
Free AI Video Generator by Collov,04-01-2024,Transform your ideas into mesmerising videos effortlessly,Design Tools,Marketing,Tech,https://www.producthunt.com/posts/free-ai-video-generator-by-collov/,304,Free,2,5/5 ?,80,4,25,5.0,2024-01-04,3,3,0
McAnswers AI,04-01-2024,Simplify your coding journey,Developer Tools,Artificial Intelligence,Coding Books,https://www.producthunt.com/posts/mcanswers-ai/,195,Free Options,4,5/5 ?,38,5,33,5.0,2024-01-04,3,3,1
Data Dead Drop,04-01-2024,"Simple file sharing, secure, self-destructing",Productivity,Storage,GitHub,https://www.producthunt.com/posts/data-dead-drop/,178,Free,1,5/5 ?,33,6,36,5.0,2024-01-04,3,3,0
Progressively,04-01-2024,Build the feature that matters to your audience,Productivity,Open Source,Developer Tools,https://www.producthunt.com/posts/progressively-2/,127,Free,1,5/5 ?,26,7,51,5.0,2024-01-04,3,3,0
OpenTaskAI,04-01-2024,A marketplace that connects AI freelancers and business need,Freelance,Education,Artificial Intelligence,https://www.producthunt.com/posts/opentaskai/,122,Free,30,5/5 ?,24,8,41,5.0,2024-01-04,3,3,0
MyLikes,04-01-2024,All about sharing recommendations,Social Media,,,https://www.producthunt.com/posts/mylikes/,103,Free,0,0,51,9,59,0.0,2024-01-04,3,1,0
aoyo.ai,04-01-2024,The new AI search,Artificial Intelligence,Search,,https://www.producthunt.com/posts/aoyo-ai/,108,Free,3,4.7/5 ?,19,10,57,4.7,2024-01-04,3,2,0
Hubble Tailwind CSS,04-01-2024,A modern design blocks build with NextJS & Tailwind CSS,SaaS,Developer Tools,Design templates,https://www.producthunt.com/posts/hubble-tailwind-css/,86,Payment Required,1,5/5 ?,33,11,73,5.0,2024-01-04,3,3,2
WebPower,04-01-2024,"Build better, faster and more reliable WordPress websites",WordPress,Website Builder,Developer Tools,https://www.producthunt.com/posts/webpower/,69,Payment Required,0,0,35,12,76,0.0,2024-01-04,3,3,2
authentiGPT,04-01-2024,"Verify and certify contents generated by human, AI or both",Productivity,Writing,Artificial Intelligence,https://www.producthunt.com/posts/authentigpt/,65,Free Options,1,5/5 ?,15,13,83,5.0,2024-01-04,3,3,1
Habit Harbor,04-01-2024,Say goodbye to distractions and hello to focused action,Productivity,Task Management,Time Tracking,https://www.producthunt.com/posts/habit-harbor/,42,Free Options,1,5/5 ?,7,14,99,5.0,2024-01-04,3,3,1
Qlient,04-01-2024,"Empower your calls with AI - smart, responsive & always on",SaaS,Artificial Intelligence,Business Intelligence,https://www.producthunt.com/posts/qlient/,51,Payment Required,1,5/5 ?,19,15,93,5.0,2024-01-04,3,3,2
Tahche Mobile App,04-01-2024,Easily build and manage offshore teams,Android,Hiring,Business,https://www.producthunt.com/posts/tahche-mobile-app/,32,Free,0,0,8,16,100,0.0,2024-01-04,3,3,0
smudge.ai,04-01-2024,"New year, new right-click menu",Browser Extensions,Chrome Extensions,Artificial Intelligence,https://www.producthunt.com/posts/smudge-ai/,33,Free Options,2,5/5 ?,10,17,102,5.0,2024-01-04,3,3,1
SaveMyTime for iOS,04-01-2024,Track time effortlessly and get rid of wasted time,Productivity,Time Tracking,Quantified Self,https://www.producthunt.com/posts/savemytime-for-ios/,33,Free Options,3,5/5 ?,15,18,104,5.0,2024-01-04,3,3,1
HabitLoop for iOS,04-01-2024,Gamified habit tracking,Productivity,Tech,,https://www.producthunt.com/posts/habitloop-for-ios/,24,Payment Required,0,0,6,19,109,0.0,2024-01-04,3,2,2
PH Deck,05-01-2024,Explore daily product launches using AI and YC wisdom,Productivity,Product Hunt,Startup Lessons,https://www.producthunt.com/posts/ph-deck/,813,Free,14,5/5 ?,119,1,3,5.0,2024-01-05,4,3,0
PH Hunters,05-01-2024,Find & Connect with 100+ hunters for your next PH Launch,Web App,Marketing,Product Hunt,https://www.producthunt.com/posts/ph-hunters/,608,Free,1,5/5 ?,177,2,8,5.0,2024-01-05,4,3,0
The Bulletproof Notion Workspace 4.0,05-01-2024,The top Notion framework gets even stronger,Productivity,Task Management,Notion,https://www.producthunt.com/posts/the-bulletproof-notion-workspace-4-0/,573,Payment Required,31,5/5 ?,101,3,11,5.0,2024-01-05,4,3,2
Typeform Alternative by MakeForms,05-01-2024,Like Typeform on steroids with 50x more responses,SaaS,Privacy,Data & Analytics,https://www.producthunt.com/posts/typeform-alternative-by-makeforms/,351,Free Options,0,0,69,4,19,0.0,2024-01-05,4,3,1
Clicks,05-01-2024,A Blackberry keyboard for iPhone,Apple,,,https://www.producthunt.com/posts/clicks/,283,Payment Required,0,0,31,5,28,0.0,2024-01-05,4,1,2
Zing,05-01-2024,The worry-free international money app,Fintech,Money,,https://www.producthunt.com/posts/zing-ef827ba9-1bb2-4825-8a33-2095d1cc0ddc/,174,Free,1,5/5 ?,28,6,35,5.0,2024-01-05,4,2,0
Free AI Privacy Policy & ToS Generator,05-01-2024,"Generate your privacy policy & tos using AI, 100% free",Productivity,Developer Tools,Maker Tools,https://www.producthunt.com/posts/free-ai-privacy-policy-tos-generator/,158,Free,3,4.3/5 ?,42,7,38,4.3,2024-01-05,4,3,0
SmartGym,05-01-2024,Your ultimate workout companion,Health & Fitness,Fitness,,https://www.producthunt.com/posts/smartgym/,141,Free Options,1,5/5 ?,36,8,43,5.0,2024-01-05,4,2,1
Journeys,05-01-2024,Journeys allows you to organise your photos in an easy way,Productivity,Photo & Video,,https://www.producthunt.com/posts/journeys/,108,Free,0,0,33,9,52,0.0,2024-01-05,4,2,0
Setify,05-01-2024,Your simple gym workout tracker,Android,Health & Fitness,Sports,https://www.producthunt.com/posts/setify/,92,Free,1,5/5 ?,22,10,64,5.0,2024-01-05,4,3,0
Repurposa,05-01-2024,Repurpose any content with AI,Social Media,Email Marketing,Marketing,https://www.producthunt.com/posts/repurposa/,97,Free,0,0,23,11,62,0.0,2024-01-05,4,3,0
Ingredient Scanner & Analyzer,05-01-2024,Scan and assess ingredient lists,iOS,Artificial Intelligence,Tech,https://www.producthunt.com/posts/ingredient-scanner-analyzer/,76,Free Options,0,0,19,12,69,0.0,2024-01-05,4,3,1
T1 Tomahawk,05-01-2024,Professional digital tape measure,Hardware,Construction,,https://www.producthunt.com/posts/t1-tomahawk/,67,Payment Required,1,5/5 ?,10,13,77,5.0,2024-01-05,4,2,2
AppWeaver,05-01-2024,Transform your ideas into apps with our AI assistant,Website Builder,Developer Tools,Artificial Intelligence,https://www.producthunt.com/posts/appweaver/,75,Free,1,5/5 ?,26,14,75,5.0,2024-01-05,4,3,0
Rocketgraph,05-01-2024,Build production grade web applications in minutes,API,Open Source,Developer Tools,https://www.producthunt.com/posts/rocketgraph-3/,61,Free Options,1,5/5 ?,20,15,81,5.0,2024-01-05,4,3,1
GitHub Graph Drawer,05-01-2024,Type some text on your GitHub contributions graph,Open Source,Developer Tools,GitHub,https://www.producthunt.com/posts/github-graph-drawer/,62,Free,1,5/5 ?,16,16,87,5.0,2024-01-05,4,3,0
Map Pathfinding Visualizer,05-01-2024,"Pathfinding visualizer on a real map, anywhere in the world",GitHub,Maps,Tech,https://www.producthunt.com/posts/map-pathfinding-visualizer/,49,Free,1,5/5 ?,12,17,94,5.0,2024-01-05,4,3,0
Last Plannr,05-01-2024,Focus on tasks that accomplish your goals,Productivity,Task Management,,https://www.producthunt.com/posts/last-plannr/,66,Free Options,1,5/5 ?,24,18,89,5.0,2024-01-05,4,2,1
ResumeForrest v1.0,05-01-2024,AI resume builder and ATS optimizer,Hiring,SaaS,Career,https://www.producthunt.com/posts/resumeforrest-v1-0/,55,Free Options,1,5/5 ?,26,19,91,5.0,2024-01-05,4,3,1
Minodor,05-01-2024,We optimize your content to rank first on Google,Marketing,SEO,Search,https://www.producthunt.com/posts/minodor-3/,50,Payment Required,1,5/5 ?,11,20,95,5.0,2024-01-05,4,3,2
Reiki by Web3Go,06-01-2024,All in one AI agents creation and monetization platform,Productivity,Artificial Intelligence,Web3,https://www.producthunt.com/posts/reiki-by-web3go/,0,Free,997,4.9/5 ?,405,1,2,4.9,2024-01-06,5,3,0
CrackedDevs,06-01-2024,Find remote coding jobs,Hiring,SaaS,Career,https://www.producthunt.com/posts/crackeddevs/,530,Free,0,0,74,2,12,0.0,2024-01-06,5,3,0
SaaS Boilerplates,06-01-2024,Discover the best boilerplates & SaaS starter kits,SaaS,Website Builder,Developer Tools,https://www.producthunt.com/posts/saas-boilerplates/,495,Free,0,0,86,3,17,0.0,2024-01-06,5,3,0
Brewed,06-01-2024,"Build any web app with AI, just type it",Design Tools,Developer Tools,Artificial Intelligence,https://www.producthunt.com/posts/brewed/,389,Free,0,0,71,4,21,0.0,2024-01-06,5,3,0
Youtube Looper,06-01-2024,Loop any YouTube video or YouTube music song,Productivity,Music,Developer Tools,https://www.producthunt.com/posts/youtube-looper/,218,Free,0,0,42,5,34,0.0,2024-01-06,5,3,0
Diffr,06-01-2024,"Think creative, think Diffr",Android,Hiring,Human Resources,https://www.producthunt.com/posts/diffr/,135,Free Options,1,4/5 ?,20,6,45,4.0,2024-01-06,5,3,1
VisualVibe AI,06-01-2024,"Generate captions, hashtags & stories from photos",iOS,Productivity,Social Media,https://www.producthunt.com/posts/visualvibe-ai/,95,Free,0,0,34,7,65,0.0,2024-01-06,5,3,0
Digitapes,06-01-2024,One click photo and video montages,Android,Photo & Video,,https://www.producthunt.com/posts/digitapes/,85,Free Options,0,0,34,8,67,0.0,2024-01-06,5,2,1
CommodityPriceAPI,06-01-2024,"Simple, fast and reliable JSON API for commodities",Developer Tools,Tech,,https://www.producthunt.com/posts/commoditypriceapi/,81,Free Options,0,0,24,9,78,0.0,2024-01-06,5,2,1
MyGigz,06-01-2024,"Share your live gigs, amplify your stage",Music,Calendar,Live Events,https://www.producthunt.com/posts/mygigz/,62,Free,1,5/5 ?,31,10,82,5.0,2024-01-06,5,3,0
Branding5,07-01-2024,Find your brand identity,Branding,Marketing,Growth Hacking,https://www.producthunt.com/posts/branding5/,942,Free Options,8,4.9/5 ?,228,1,5,4.9,2024-01-07,6,3,1
Maillayer,07-01-2024,Send email campaigns via Amazon SES with NoCode,Marketing,,,https://www.producthunt.com/posts/maillayer/,485,Free,0,0,77,2,15,0.0,2024-01-07,6,1,0
CamoCopy 2.0,07-01-2024,"Privacy friendly AI assistant, encrypted & private data",Productivity,Marketing,Privacy,https://www.producthunt.com/posts/camocopy-2-0/,267,Payment Required,2,5/5 ?,48,3,27,5.0,2024-01-07,6,3,2
Invxst AI,07-01-2024,AI powered investing simplified in one hub,Investing,Artificial Intelligence,Tech,https://www.producthunt.com/posts/invxst-ai/,254,Free Options,0,0,51,4,31,0.0,2024-01-07,6,3,1
Catalyst,07-01-2024,"Strategic applications, networking & referral management",Productivity,Artificial Intelligence,Tech,https://www.producthunt.com/posts/catalyst-5/,194,Free,0,0,51,5,37,0.0,2024-01-07,6,3,0
YOTO,07-01-2024,"Mini sites, major impact  linking journeys, building dreams",Social Media,Marketing,Travel,https://www.producthunt.com/posts/yoto-2/,114,Free,0,0,28,6,50,0.0,2024-01-07,6,3,0
Spawn,07-01-2024,Generate D&D character sheets with AI,RPGs,Artificial Intelligence,,https://www.producthunt.com/posts/spawn-2/,120,Free,0,0,22,7,54,0.0,2024-01-07,6,2,0
Ozeily,07-01-2024,Connect your bank and earn cashback on all your expenses,Money,Web3,NFT,https://www.producthunt.com/posts/ozeily/,101,Free Options,0,0,29,8,58,0.0,2024-01-07,6,3,1
Rely.io,08-01-2024,The developer portal with an AI assistant you can speak with,Software Engineering,Developer Tools,Artificial Intelligence,https://www.producthunt.com/posts/rely-io-2/,856,Free Options,121,5/5 ?,281,1,7,5.0,2024-01-08,0,3,1
Stylar,08-01-2024,Your ultimate controllable AI image editor,Design Tools,Artificial Intelligence,Graphic Design,https://www.producthunt.com/posts/stylar/,757,Free,10,4.9/5 ?,150,2,10,4.9,2024-01-08,0,3,0
Tablize,08-01-2024,"Tablize your data, AI-easy dashboards",SaaS,Business Intelligence,Data Visualization,https://www.producthunt.com/posts/tablize/,423,Free Options,2,5/5 ?,111,3,17,5.0,2024-01-08,0,3,1
Resources for Early-Stage Founders,08-01-2024,"Dozens of templates, articles & videos to help you grow",Venture Capital,Tech,Maker Tools,https://www.producthunt.com/posts/resources-for-early-stage-founders/,491,Free,1,4/5 ?,62,4,19,4.0,2024-01-08,0,3,0
pipl.ai,08-01-2024,AI-powered cold email automation without breaking the bank,Email,Marketing,Artificial Intelligence,https://www.producthunt.com/posts/pipl-ai/,367,Free Options,2,5/5 ?,74,5,34,5.0,2024-01-08,0,3,1
AVI by True AI,08-01-2024,The end of fake news,News,Education,Artificial Intelligence,https://www.producthunt.com/posts/avi-by-true-ai/,228,Free,1,5/5 ?,89,6,46,5.0,2024-01-08,0,3,0
DOConvert,08-01-2024,Intelligence document processing platform that extracts data,Productivity,API,Data,https://www.producthunt.com/posts/doconvert/,213,Payment Required,4,5/5 ?,66,7,49,5.0,2024-01-08,0,3,2
Bland Turbo,08-01-2024,Experience the fastest conversational AI ever,API,Customer Communication,Marketing,https://www.producthunt.com/posts/bland-turbo/,204,Free Options,5,2.6/5 ?,31,8,50,2.6,2024-01-08,0,3,1
ncScale 2.0,08-01-2024,"Datadog for no code, 1 click monitoring for no code stack",Productivity,Developer Tools,No-Code,https://www.producthunt.com/posts/ncscale-2-0/,193,Free Options,1,4/5 ?,54,9,55,4.0,2024-01-08,0,3,1
TheDevStarter,08-01-2024,Next.js and Django SaaS Boilerplate,SaaS,Website Builder,Developer Tools,https://www.producthunt.com/posts/thedevstarter/,132,Payment Required,0,0,29,10,66,0.0,2024-01-08,0,3,2
Neuralhub,08-01-2024,Design and build AI architectures,Developer Tools,Artificial Intelligence,Tech,https://www.producthunt.com/posts/neuralhub/,129,Free,1,5/5 ?,41,11,69,5.0,2024-01-08,0,3,0
WP-Stack,08-01-2024,All in one website management dashboard for WordPress sites,Productivity,Analytics,WordPress,https://www.producthunt.com/posts/wp-stack/,122,Free Options,2,5/5 ?,21,12,77,5.0,2024-01-08,0,3,1
Monetise Your GPT,08-01-2024,Add Stripe checkout to your GPTs,Developer Tools,Artificial Intelligence,No-Code,https://www.producthunt.com/posts/monetise-your-gpt/,121,Free,1,5/5 ?,38,13,71,5.0,2024-01-08,0,3,0
SQUAR CLUB,08-01-2024,Design community for creative professionals to learn & grow,Design,Community,,https://www.producthunt.com/posts/squar-club/,92,Free,0,0,40,14,89,0.0,2024-01-08,0,2,0
FinTok.io,08-01-2024,Unlock your unfair investing advantage,Investing,Money,Finance,https://www.producthunt.com/posts/fintok-io-b2a2036c-9028-43f2-9496-4b1b3c71b0ec/,85,Free,3,5/5 ?,26,15,98,5.0,2024-01-08,0,3,0
Onboardix,08-01-2024,Employee engagement and onboarding software,Productivity,SaaS,Artificial Intelligence,https://www.producthunt.com/posts/onboardix/,86,Free,0,0,21,16,97,0.0,2024-01-08,0,3,0
Moul,08-01-2024,"Elevate your visual storytelling, elevate your audience",Writing,Analytics,Photography,https://www.producthunt.com/posts/moul-2/,89,Free Options,0,0,24,17,92,0.0,2024-01-08,0,3,1
RoadMapWP,08-01-2024,Unlock user-driven roadmaps in WordPress,Productivity,SaaS,Software Engineering,https://www.producthunt.com/posts/roadmapwp/,72,Free Options,1,5/5 ?,16,18,107,5.0,2024-01-08,0,3,1
WhisperUI,08-01-2024,Most affordable text-to-speech and speech-to-text service,Writing,Artificial Intelligence,Audio,https://www.producthunt.com/posts/whisperui/,73,Free Options,0,0,8,19,105,0.0,2024-01-08,0,3,1
Replyke,08-01-2024,"React, reply, relate: interactive commenting for your sites",Software Engineering,Developer Tools,Side Project,https://www.producthunt.com/posts/replyke/,74,Free,1,5/5 ?,31,20,106,5.0,2024-01-08,0,3,0
FullEnrich,09-01-2024,"Waterfall enrichment email & phone, all vendors, one place",Sales,Email Marketing,Database,https://www.producthunt.com/posts/fullenrich/,0,Free Options,32,4.9/5 ?,270,1,3,4.9,2024-01-09,1,3,1
Rainex,09-01-2024,Your ideal billing and subscription management system,Payments,SaaS,Finance,https://www.producthunt.com/posts/rainex/,823,Free Options,7,4.9/5 ?,287,2,8,4.9,2024-01-09,1,3,1
Sama AI,09-01-2024,Wearable AI mentor that proactively helps you become better,Productivity,Artificial Intelligence,Virtual Assistants,https://www.producthunt.com/posts/sama-ai/,450,Free,1,4/5 ?,137,3,21,4.0,2024-01-09,1,3,0
Weberlo,09-01-2024,Marketing attribution software,Analytics,Marketing,Advertising,https://www.producthunt.com/posts/weberlo/,382,Free,2,5/5 ?,67,4,24,5.0,2024-01-09,1,3,0
Items Design,09-01-2024,Free AI generated design assets,Marketing,Artificial Intelligence,Design,https://www.producthunt.com/posts/items-design/,391,Free Options,0,0,55,5,29,0.0,2024-01-09,1,3,1
OkFeedback,09-01-2024,"Survey forms, rating widget, spot and fix UI bugs easily",Customer Communication,SaaS,,https://www.producthunt.com/posts/okfeedback/,270,Free Options,0,0,100,6,40,0.0,2024-01-09,1,2,1
Invoice Builder by Tola,09-01-2024,Create beautiful invoices in seconds,Design Tools,Finance,Accounting,https://www.producthunt.com/posts/invoice-builder-by-tola/,238,Free,1,5/5 ?,66,7,47,5.0,2024-01-09,1,3,0
Followr,09-01-2024,"Social media on autopilot, powered by AI",Social Media,Marketing,Artificial Intelligence,https://www.producthunt.com/posts/followr-4/,179,Free Options,42,5/5 ?,42,8,58,5.0,2024-01-09,1,3,1
snippet.run,09-01-2024,"Run your code, from the cloud on your computer",Productivity,Developer Tools,,https://www.producthunt.com/posts/snippet-run/,156,Free Options,0,0,39,9,60,0.0,2024-01-09,1,2,1
Generative AI by iStock,09-01-2024,Text-to-image platform designed to make stock photos,Design Tools,Marketing,Artificial Intelligence,https://www.producthunt.com/posts/generative-ai-by-istock/,150,Payment Required,0,0,15,10,63,0.0,2024-01-09,1,3,2
MyHabbit,09-01-2024,Improve your habits,Health & Fitness,Productivity,Time Tracking,https://www.producthunt.com/posts/myhabbit/,104,Free,0,0,26,11,73,0.0,2024-01-09,1,3,0
DigBI,09-01-2024,Empowering product teams with up-to-date competitor insights,Analytics,SaaS,Business Intelligence,https://www.producthunt.com/posts/digbi/,101,Free Options,0,0,38,12,76,0.0,2024-01-09,1,3,1
English Coach AI,09-01-2024,Transform your business English skills with an AI coach,Android,Education,Human Resources,https://www.producthunt.com/posts/english-coach-ai/,94,Free,0,0,37,13,86,0.0,2024-01-09,1,3,0
Samsung Ballie,09-01-2024,"A cute, personal robot from Samsung",Robots,,,https://www.producthunt.com/posts/samsung-ballie/,97,Payment Required,9,4.4/5 ?,8,14,83,4.4,2024-01-09,1,1,2
RateHighly,09-01-2024,Automatically collect reviews from your app's active users,Customer Success,Marketing,SaaS,https://www.producthunt.com/posts/ratehighly/,86,Free,1,5/5 ?,25,15,99,5.0,2024-01-09,1,3,0
Finvest,09-01-2024,The easy way to buy US Treasury Bills,Android,iOS,Fintech,https://www.producthunt.com/posts/finvest/,85,Free,0,0,9,16,94,0.0,2024-01-09,1,3,0
Paint Potion,09-01-2024,Create stylish & consistent vector illustrations in seconds,Marketing,Advertising,Graphics & Design,https://www.producthunt.com/posts/paint-potion/,105,Payment Required,0,0,25,17,88,0.0,2024-01-09,1,3,2
PDF Charts,09-01-2024,Charts for busy developers,Productivity,API,Developer Tools,https://www.producthunt.com/posts/pdf-charts/,87,Free Options,0,0,24,18,95,0.0,2024-01-09,1,3,1
Packem,09-01-2024,Effortless way to track inventory and orders for ecommerce,Amazon,SaaS,E-Commerce,https://www.producthunt.com/posts/packem/,51,Free Options,0,0,14,19,120,0.0,2024-01-09,1,3,1
TurboScribe,09-01-2024,Convert audio and video to accurate text in seconds with AI,Productivity,Artificial Intelligence,Audio,https://www.producthunt.com/posts/turboscribe/,59,Free Options,1,5/5 ?,16,20,117,5.0,2024-01-09,1,3,1
Seemless,10-01-2024,From social to site with zero disruption,Social Media,Branding,Marketing,https://www.producthunt.com/posts/seemless/,856,Free,4,5/5 ?,300,1,5,5.0,2024-01-10,2,3,0
Potis AI,10-01-2024,Your hiring copilot that tests the real skills,Hiring,SaaS,,https://www.producthunt.com/posts/potis-ai/,658,Payment Required,3,5/5 ?,161,2,9,5.0,2024-01-10,2,2,2
Fliz AI,10-01-2024,Turn any URL into a stunning video with AI,SEO,Artificial Intelligence,Social media marketing,https://www.producthunt.com/posts/fliz-ai/,519,Free Options,9,4.6/5 ?,186,3,11,4.6,2024-01-10,2,3,1
Rabbit r1,10-01-2024,AI powered pocket companion,Wearables,Artificial Intelligence,,https://www.producthunt.com/posts/rabbit-r1/,647,Payment Required,0,0,79,4,14,0.0,2024-01-10,2,2,2
Clear 2.0,10-01-2024,Your life in lists,iOS,Productivity,Task Management,https://www.producthunt.com/posts/clear-2-0/,432,Free,5,5/5 ?,72,5,23,5.0,2024-01-10,2,3,0
Startup Ratings,10-01-2024,A guide to the top companies to work at today,Startup Books,Tech,Startup Lessons,https://www.producthunt.com/posts/startup-ratings/,315,Free,0,0,54,6,36,0.0,2024-01-10,2,3,0
Rimo,10-01-2024,"Talk today, publish tomorrow - AIs article revolution",Productivity,Artificial Intelligence,Tech,https://www.producthunt.com/posts/rimo/,257,Free,1,5/5 ?,71,7,41,5.0,2024-01-10,2,3,0
FREE Youtube Summarizer - Syllaby,10-01-2024,Use ChatGPT to summarize YouTube videos with Syllaby,Chrome Extensions,,,https://www.producthunt.com/posts/free-youtube-summarizer-syllaby/,289,Free,5,5/5 ?,117,8,37,5.0,2024-01-10,2,1,0
Starlink Direct to Cell,10-01-2024,A cellphone tower in space,Tech,Cell Phone,,https://www.producthunt.com/posts/starlink-direct-to-cell/,186,Payment Required,0,0,35,9,54,0.0,2024-01-10,2,2,2
Klart AI,10-01-2024,AI assistant for everyone in your organization,Slack,Productivity,SaaS,https://www.producthunt.com/posts/klart-ai/,109,Free Options,2,5/5 ?,36,10,70,5.0,2024-01-10,2,3,1
Codara,10-01-2024,AI code review and AI code diagnostics,SaaS,Artificial Intelligence,Tech,https://www.producthunt.com/posts/codara/,115,Payment Required,0,0,41,11,72,0.0,2024-01-10,2,3,2
Journal.,10-01-2024,A social journal with daily prompts,Writing,Social Network,Social Networking,https://www.producthunt.com/posts/journal-8/,106,Free,0,0,25,12,82,0.0,2024-01-10,2,3,0
Brill,10-01-2024,Your AI powered productivity platform,Productivity,User Experience,Artificial Intelligence,https://www.producthunt.com/posts/brill-c257a2a0-f70e-455d-a5ca-a6a35959354c/,84,Free,0,0,22,13,90,0.0,2024-01-10,2,3,0
Addio,10-01-2024,Create an estate plan over your morning coffee,Legal,Tech,Money,https://www.producthunt.com/posts/addio/,87,Free Options,0,0,31,14,93,0.0,2024-01-10,2,3,1
Sleepmi Z3,10-01-2024,The smart anti-snoring device,Health & Fitness,Crowdfunding,Wearables,https://www.producthunt.com/posts/sleepmi-z3/,66,Payment Required,0,0,11,15,108,0.0,2024-01-10,2,3,2
miflow®,10-01-2024,Holistic solution for boost efficiency and profitability,Task Management,Time Tracking,Accounting,https://www.producthunt.com/posts/miflow-2/,59,Payment Required,0,0,18,16,114,0.0,2024-01-10,2,3,2
Auria Mail,10-01-2024,Like having your own email marketing team,Email Marketing,Marketing,Event marketing,https://www.producthunt.com/posts/auria-mail/,64,Payment Required,0,0,12,17,110,0.0,2024-01-10,2,3,2
Feather,2024-01-11,Notion to Blog in minutes,Marketing,SEO,Notion,,0,Free Options,2,5/5 â,324,1,4,5.0,2024-01-11,3,3,1
pre.dev,2024-01-11,Instant software planning and lightspeed development,Software Engineering,Developer Tools,Artificial Intelligence,,661,Free Options,6,4.5/5 â,150,2,12,4.5,2024-01-11,3,3,1
hoopsAI,2024-01-11,"Real-Time, Personalized AI Insights for trading",Fintech,Investing,Artificial Intelligence,,416,Free,2,5/5 â,100,3,13,5.0,2024-01-11,3,3,0
Prompt Whisperer,2024-01-11,Simplifying your path to AI interaction,Productivity,Artificial Intelligence,Tech,,526,Free Options,0,0,253,4,15,0.0,2024-01-11,3,3,1
Olly,2024-01-11,"In-browser AI comments, posts, viral scores in seconds",Chrome Extensions,Productivity,Artificial Intelligence,,469,Free Options,1,5/5 â,372,5,20,5.0,2024-01-11,3,3,1
Textla,2024-01-11,"Business texting, simplified",Customer Communication,Marketing,SaaS,,290,Free Options,2,5/5 â,81,6,28,5.0,2024-01-11,3,3,1
GPT Store,2024-01-11,Help you find useful and popular custom versions of ChatGPT,Artificial Intelligence,Bots,,,441,Payment Required,3,5/5 â,51,7,25,5.0,2024-01-11,3,2,2
HEY Calendar,2024-01-11,Bringing magic to calendaring,Productivity,Calendar,,,400,Payment Required,0,0,43,8,30,0.0,2024-01-11,3,2,2
GPT Auth,2024-01-11,Authentication for GPTs on GPT store,Artificial Intelligence,,,,333,Payment Required,0,0,192,9,33,0.0,2024-01-11,3,1,2
Robomotion Video Dubber,2024-01-11,Multilingual video dubbing app for globalizing your content,Productivity,Artificial Intelligence,Tech,,280,Free,44,5/5 â,90,10,39,5.0,2024-01-11,3,3,0
LittleStory.io,2024-01-11,"AI bedtime stories: inspire growth, teach values or lessons.",Parenting,Artificial Intelligence,Kids & Parenting,,224,Free Options,0,0,63,11,48,0.0,2024-01-11,3,3,1
GoSearch,2024-01-11,Enterprise search with instant answers powered by genAI ð,Artificial Intelligence,Tech,Search,,207,Free Options,9,5/5 â,32,12,51,5.0,2024-01-11,3,3,1
Beagle Security for Enterprises,2024-01-11,Boost enterprise app security with automated AI pentesting,SaaS,Developer Tools,Security,,197,Free Options,22,5/5 â,71,13,53,5.0,2024-01-11,3,3,1
FlowFinitee,2024-01-11,Master work-life harmony for infinite productivity,Productivity,Developer Tools,Artificial Intelligence,,158,Free Options,1,5/5 â,88,14,59,5.0,2024-01-11,3,3,1
Prime Indies,2024-01-11,Discover top-tier indie products and how much MRR they make,Design Tools,Developer Tools,Maker Tools,,147,Free,0,0,62,15,64,0.0,2024-01-11,3,3,0
ChartMogul Benchmarks,2024-01-11,Compare your performance to the rest of the SaaS industry,Analytics,SaaS,Data & Analytics,,117,Free,38,4.5/5 â,26,16,78,4.5,2024-01-11,3,3,0
Draw AI,2024-01-11,Draw with AI amazing details with just a few strokes,Android,Art,Artificial Intelligence,,103,Free,0,0,22,17,79,0.0,2024-01-11,3,3,0
Presence,2024-01-12,Connect with your community and culture in new places,Android,Social Network,Global Nomad,,0,Free,17,5/5 â,429,1,1,5.0,2024-01-12,4,3,0
Cargo for Sheets,2024-01-12,Experiment lead generation initiatives in Google Sheets,Sales,Email Marketing,Artificial Intelligence,,0,Free,69,5/5 â,530,2,2,5.0,2024-01-12,4,3,0
Codebay.ai,2024-01-12,Learn Python easily with your personalized AI tutor,Productivity,Artificial Intelligence,Tech,,432,Free Options,6,5/5 â,143,3,22,5.0,2024-01-12,4,3,1
AI Ad Text Generator,2024-01-12,Create ad texts in seconds with AI,Marketing,Advertising,Artificial Intelligence,,403,Free,1,5/5 â,127,4,27,5.0,2024-01-12,4,3,0
Shadcn UI Component Explorer,2024-01-12,"View, interact & search 100s of Shadcn UI components",Web App,Developer Tools,Development,,358,Free,4,5/5 â,86,5,35,5.0,2024-01-12,4,3,0
Decode the Identity,2024-01-12,Think you know your brands?,Design Tools,Games,Design resources,,235,Free,1,5/5 â,45,6,44,5.0,2024-01-12,4,3,0
AsteroBuilder,2024-01-12,Website builder,SaaS,Design resources,,,159,Free Options,0,0,27,7,56,0.0,2024-01-12,4,2,1
Product Hunt Weekly Digest Podcast,2024-01-12,A new podcast from Product Hunt,News,,,,155,Free,0,0,32,8,62,0.0,2024-01-12,4,1,0
RoastedWithAI,2024-01-12,Turn visitors into customers with a free website roast,Sales,Marketing,Artificial Intelligence,,161,Free,4,4.8/5 â,63,9,61,4.8,2024-01-12,4,3,0
SkimAI,2024-01-12,Transform your inbox into a hub of efficiency,Email,Productivity,Artificial Intelligence,,146,Free,0,0,55,10,65,0.0,2024-01-12,4,3,0
Nemo AI,2024-01-12,AI mental health assistant on WhatsApp,Artificial Intelligence,Bots,Health,,119,Free,3,5/5 â,43,11,68,5.0,2024-01-12,4,3,0
HoneyDo,2024-01-12,Never type a grocery list again,Productivity,Cooking,Artificial Intelligence,,108,Free Options,0,0,19,12,80,0.0,2024-01-12,4,3,1
PayMeForMyAI,2024-01-12,Build and monetize GPT Bots without code,Developer Tools,Artificial Intelligence,No-Code,,111,Free,3,5/5 â,32,13,81,5.0,2024-01-12,4,3,0
videoGPT,2024-01-12,The AI chatbot that can watch videos,Artificial Intelligence,Bots,Video,,85,Free Options,1,5/5 â,17,14,91,5.0,2024-01-12,4,3,1
Hoeking Island,2024-01-12,The hilarious Stephen Hawking island hopping meme game,Indie Games,Tech,Games,,88,Free,8,5/5 â,10,15,101,5.0,2024-01-12,4,3,0
Tool Explorer,2024-01-12,"Chat and explore over 12,000+ AI tools - 100% Free",Productivity,Developer Tools,Artificial Intelligence,,89,Free,0,0,25,16,100,0.0,2024-01-12,4,3,0
ABC Finder,2024-01-12,A fun AI camera game to help kids learn their ABCs,Artificial Intelligence,Games,Kids & Parenting,,76,Free Options,0,0,21,17,102,0.0,2024-01-12,4,3,1
Felo Translator,2024-01-13,"Advanced AI translation, Android beta releases",Productivity,Education,Languages,,740,Free Options,14,4.6/5 â,317,1,6,4.6,2024-01-13,5,3,1
Dinnerfy,2024-01-13,Put dinner on autopilot: automated dinner & grocery ordering,Cooking,Artificial Intelligence,Delivery,,490,Free,5,4.8/5 â,212,2,18,4.8,2024-01-13,5,3,0
Antispace,2024-01-13,Action oriented AI: translate human thoughts into actions,Email,Productivity,Artificial Intelligence,,312,Free Options,3,5/5 â,69,4,38,5.0,2024-01-13,5,3,1
Personage,2024-01-13,Create AI companion and monetize your audience,Artificial Intelligence,Bots,Influencer marketing,,234,Free Options,0,0,54,5,45,0.0,2024-01-13,5,3,1
Hermeso,2024-01-13,AI Travel Guide,Travel,Artificial Intelligence,Business Travel,,160,Free Options,0,0,103,6,57,0.0,2024-01-13,5,3,1
Teleform,2024-01-13,Visual chatbot builder and group messenger for Telegram,Telegram,,,,110,Free Options,1,5/5 â,61,7,67,5.0,2024-01-13,5,1,1
ocrX Image to Text,2024-01-13,"Scan and extract text from images on iPhone, iPad & Mac",Productivity,Writing,Apple,,111,Free,1,5/5 â,71,8,74,5.0,2024-01-13,5,3,0
iTeach,2024-01-13,Eco-responsible programming learning platform,Education,Climate Tech,Development,,110,Free,1,5/5 â,78,9,75,5.0,2024-01-13,5,3,0
Punch Time Tracker,2024-01-14,Make every minute pack a punch with Airtable,Productivity,Time Tracking,No-Code,,617,Free Options,2,5/5 â,210,1,16,5.0,2024-01-14,6,3,1
Assembly by MindPal,2024-01-14,Automate big tasks with a multi agent AI assembly,Productivity,Artificial Intelligence,Tech,,447,Free Options,35,4.9/5 â,142,2,26,4.9,2024-01-14,6,3,1
LinkedLeads,2024-01-14,Get infinite leads from your LinkedIn connections,Artificial Intelligence,,,,382,Free Options,0,0,87,3,32,0.0,2024-01-14,6,1,1
Folksable,2024-01-14,Track habits by photo checkins to friends for accountability,Health & Fitness,Productivity,,,258,Free Options,1,5/5 â,116,4,42,5.0,2024-01-14,6,2,1
EXT,2024-01-14,An easy way to build cross-platform desktop software.,Productivity,API,Games,,273,Free,2,5/5 â,51,5,43,5.0,2024-01-14,6,3,0
Mishka,2024-01-14,Telegram AI chatbot with internet access and more,Telegram,Messaging,Artificial Intelligence,,208,Free,1,5/5 â,55,6,52,5.0,2024-01-14,6,3,0
AI Picasso - AI dance,2024-01-15,Full body AI dance from photos,Android,iOS,Artificial Intelligence,,652,Free,23,4.1/5 â,292,1,7,4.1,2024-01-15,0,3,0
Team Analytics by CodeMonk.ai,2024-01-15,Uncover gaps in your tech team and hire the best fit with AI,Hiring,Freelance,Artificial Intelligence,,561,Free Options,7,5/5 â,287,2,8,5.0,2024-01-15,0,3,1
Squad Habits,2024-01-15,Daily habits & goals together,Android,iOS,Health & Fitness,,504,Free,1,5/5 â,234,3,18,5.0,2024-01-15,0,3,0
Gotalk.ai,2024-01-15,Easily convert text to natural sounding AI voices,Marketing,Languages,Artificial Intelligence,,449,Free Options,7,5/5 â,184,4,15,5.0,2024-01-15,0,3,1
Bliss Brain,2024-01-15,"Tailored meditations, no prerecorded content",Health & Fitness,Meditation,Artificial Intelligence,,445,Free Options,2,5/5 â,166,5,25,5.0,2024-01-15,0,3,1
Arcush,2024-01-15,"Simple, stress-free way to manage your daily schedule",iOS,Productivity,Task Management,,371,Free Options,0,0,96,6,29,0.0,2024-01-15,0,3,1
Friz,2024-01-15,AI social media manager for D2C brands,Social Media,Marketing,Artificial Intelligence,,241,Free Options,2,5/5 â,117,7,44,5.0,2024-01-15,0,3,1
SocialTalk,2024-01-15,The ultimate influencer marketing platform,Marketing,Influencer marketing,,,199,Free Options,1,5/5 â,78,8,55,5.0,2024-01-15,0,2,1
Pinokio,2024-01-15,AI browser,Artificial Intelligence,GitHub,,,201,Free,3,5/5 â,42,9,54,5.0,2024-01-15,0,2,0
Life Story AI,2024-01-15,"Your family story in a beautiful book, powered by AI",Artificial Intelligence,Books,Family,,185,Free Options,2,4.5/5 â,77,10,56,4.5,2024-01-15,0,3,1
RealityMAX,2024-01-15,Real time 3D collaboration meets no-code augmented reality,Design Tools,Productivity,Augmented Reality,,122,Free Options,1,5/5 â,61,11,69,5.0,2024-01-15,0,3,1
Affistash,2024-01-15,Recruit more partners to promote your brand,Marketing,Artificial Intelligence,Affiliate marketing,,124,Free Options,2,5/5 â,38,12,68,5.0,2024-01-15,0,3,1
AI GPT for Gmailâ¢,2024-01-15,Write emails with AI and ChatGPT in just seconds,Email,Productivity,Artificial Intelligence,,101,Free Options,0,0,35,13,78,0.0,2024-01-15,0,3,1
ValidateFast,2024-01-15,"Launch better & faster, forever",Productivity,Email Marketing,SaaS,,94,Payment Required,0,0,37,14,84,0.0,2024-01-15,0,3,2
Disciplined,2024-01-15,Effortlessly integrate essential habits into your life,Health & Fitness,Productivity,Task Management,,97,Free,0,0,13,15,83,0.0,2024-01-15,0,3,0
Danger,2024-01-15,"Catch fake details, block throwaway emails, spot problem IPs",Email,API,Data,,80,Free Options,0,0,49,16,90,0.0,2024-01-15,0,3,1
WhisperAI,2024-01-15,Immediately start working with an AI professional,Hiring,Artificial Intelligence,Design resources,,67,Payment Required,0,0,23,17,104,0.0,2024-01-15,0,3,2
WEVO Pulse,2024-01-15,Instant UX analysis for websites and apps,Design Tools,User Experience,Developer Tools,,64,Free,0,0,23,18,109,0.0,2024-01-15,0,3,0
COCA,2024-01-16,The world's first MPC wallet with non-custodial card,Android,Crypto,Web3,,0,Free,54,4.9/5 â,637,1,4,4.9,2024-01-16,1,3,0
AI Assist,2024-01-16,A next-generation Clippy for a next-generation spreadsheet,Spreadsheets,Artificial Intelligence,Data & Analytics,,949,Free Options,30,4.8/5 â,398,2,5,4.8,2024-01-16,1,3,1
GoReply.com,2024-01-16,Platform for professionals to monetize expertise & time,Charity & Giving,Consulting,Business Intelligence,,501,Free,12,4.8/5 â,240,3,10,4.8,2024-01-16,1,3,0
CheckYa Bookings,2024-01-16,"The all-in-one tool for freelancers, now with bookings",Productivity,SaaS,Tech,,459,Free,38,4.9/5 â,144,4,16,4.9,2024-01-16,1,3,0
Podsqueeze 2.0,2024-01-16,"Repurpose your podcast into clips, shownotes, blog and more",Writing,Marketing,Artificial Intelligence,,548,Free Options,8,4.4/5 â,188,5,21,4.4,2024-01-16,1,3,1
DocentPro,2024-01-16,AI Audio tour guide. Envisions the world as a vast museum..,Travel,Artificial Intelligence,Tech,,202,Free,1,5/5 â,121,6,40,5.0,2024-01-16,1,3,0
Ubique,2024-01-16,An AI sales tool to generate personalized videos at scale,Sales,Marketing,Artificial Intelligence,,227,Free Options,1,5/5 â,90,7,48,5.0,2024-01-16,1,3,1
MeetLink,2024-01-16,A custom landing page for all your meetings,Branding,SaaS,Website Builder,,179,Free Options,1,5/5 â,53,8,59,5.0,2024-01-16,1,3,1
Posts by Read.cv,2024-01-16,A casual micro-blogging community for builders,Social Networking,Design,,,217,Free Options,1,5/5 â,33,9,57,5.0,2024-01-16,1,2,1
Domain Digger,2024-01-16,Full open-source toolkit for next-level domain analysis,Productivity,Developer Tools,GitHub,,201,Free,1,5/5 â,60,10,58,5.0,2024-01-16,1,3,0
Api Hunt,2024-01-16,Discover an extensive collection of over 500 technology APIs,Developer Tools,Artificial Intelligence,Tech,,154,Free,9,5/5 â,109,11,65,5.0,2024-01-16,1,3,0
AdIntell.ai,2024-01-16,Earn revenue from your GPTs with ads,Marketing,Advertising,Artificial Intelligence,,128,Free,1,5/5 â,74,12,74,5.0,2024-01-16,1,3,0
Byrdhouse AI 2.0,2024-01-16,AI interpreter in 100+ languages for video calls,Languages,Artificial Intelligence,Remote Work,,127,Free Options,15,5/5 â,53,13,75,5.0,2024-01-16,1,3,1
Sell Button,2024-01-16,Automate affiliate and influencer marketing,Payments,E-Commerce,Affiliate marketing,,96,Free,0,0,33,14,88,0.0,2024-01-16,1,3,0
neetoDesk,2024-01-16,"Simplify tickets, amplify support with neetoDesk",Productivity,Customer Communication,Tech,,90,Free,0,0,38,15,93,0.0,2024-01-16,1,3,0
Nuits,2024-01-16,"Visual soundscapes to get better sleep, focus & calm",Health & Fitness,Productivity,Artificial Intelligence,,66,Free Options,2,5/5 â,29,16,107,5.0,2024-01-16,1,3,1
SlideFill,2024-01-16,Save hours creating data-driven personalized presentations,Productivity,Sales,Marketing,,79,Free,0,0,52,17,98,0.0,2024-01-16,1,3,0
HabitStreak,2024-01-16,"Build habits, track your progress and get badges",Productivity,,,,75,Free Options,0,0,35,18,105,0.0,2024-01-16,1,1,1
OpenModerator,2024-01-16,"Modern, open-source, AI content moderation",Developer Tools,Artificial Intelligence,GitHub,,57,Free Options,0,0,35,19,117,0.0,2024-01-16,1,3,1
UnifiedStacks,2024-01-16,Copilot for research teams,Analytics,Marketing,Artificial Intelligence,,77,Free Options,0,0,19,20,103,0.0,2024-01-16,1,3,1
Triibe,2024-01-17,Building happier workplaces,Health & Fitness,Productivity,Artificial Intelligence,,981,Free Options,6,5/5 â,226,1,6,5.0,2024-01-17,2,3,1
Canonic,2024-01-17,Build full stack apps & automations without code,Productivity,SaaS,Developer Tools,,599,Free Options,46,5/5 â,223,2,14,5.0,2024-01-17,2,3,1
GetWebsite.Report,2024-01-17,"AI powered website audit tool, enhance UX & boost conversion",User Experience,Analytics,A/B Testing,,577,Free Options,0,0,154,3,20,0.0,2024-01-17,2,3,1
riyo.ai,2024-01-17,AI enabled user experience insights and conversion platform,User Experience,Analytics,Marketing,,457,Free Options,21,5/5 â,130,4,26,5.0,2024-01-17,2,3,1
Sparksocial,2024-01-17,AI powered social listening and outreach for lead generation,Sales,Marketing,Social media marketing,,390,Payment Required,0,0,82,5,27,0.0,2024-01-17,2,3,2
Free Real-Time Design By Collov,2024-01-17,"Real time AI creativity, instant creation, precision control",Design Tools,User Experience,Social Media,,268,Free,1,5/5 â,73,6,33,5.0,2024-01-17,2,3,0
Lume,2024-01-17,Automate data mappings using AI,Developer Tools,Artificial Intelligence,Data & Analytics,,270,Free Options,3,5/5 â,73,7,37,5.0,2024-01-17,2,3,1
Tango,2024-01-17,"Proposal to payment in days, not weeks",Productivity,Sales,Payments,,261,Free Options,7,4.6/5 â,58,8,41,4.6,2024-01-17,2,3,1
Helloii,2024-01-17,"Bye Google, ChatGPT in your browser home",Chrome Extensions,Artificial Intelligence,Search,,260,Free,3,5/5 â,59,9,42,5.0,2024-01-17,2,3,0
Templated,2024-01-17,A Canva like editor + API for image automation,Design Tools,API,Marketing automation,,255,Free Options,2,5/5 â,78,10,45,5.0,2024-01-17,2,3,1
NUMI,2024-01-17,Your startup's design department,Design,UX Design,,,217,Free Options,4,5/5 â,69,11,53,5.0,2024-01-17,2,2,1
BTNG Unlimited,2024-01-17,"Experience world class UX design, every month",User Experience,Prototyping,UX Design,,186,Payment Required,0,0,60,12,62,0.0,2024-01-17,2,3,2
Camp 2.0,2024-01-17,Let AI understand and organize your screenshots,iOS,Productivity,Artificial Intelligence,,135,Free Options,2,5/5 â,35,13,71,5.0,2024-01-17,2,3,1
Unify,2024-01-17,Generate more pipeline with warm outbound,Email,Sales,Marketing,,99,Payment Required,2,5/5 â,13,14,86,5.0,2024-01-17,2,3,2
Instill VDP,2024-01-17,Open source unstructured data ETL for AI first applications,Open Source,Developer Tools,Artificial Intelligence,,142,Free Options,4,5/5 â,43,15,76,5.0,2024-01-17,2,3,1
Letterbird,2024-01-17,A free contact form on the web thatâs good enough,Web App,Email,SaaS,,97,Free Options,3,5/5 â,23,16,82,5.0,2024-01-17,2,3,1
Reacttiv,2024-01-17,Streamlined React.js development at your fingertips,SaaS,Software Engineering,,,101,Payment Required,0,0,27,17,79,0.0,2024-01-17,2,2,2
TidyCal 3.0,2024-01-18,The simple calendar and booking solution,Productivity,Sales,Marketing,,0,Free Options,187,4.8/5 â,695,1,1,4.8,2024-01-18,3,3,1
Notion Calendar,2024-01-18,Beautifully designed for your work and life,Productivity,Calendar,Notion,,0,Free,0,0,224,2,3,0.0,2024-01-18,3,3,0
Modelize.ai 1.0,2024-01-18,Auto-generated & expert-made AI workflows,Productivity,Marketing,Artificial Intelligence,,528,Free,17,4.9/5 â,283,3,9,4.9,2024-01-18,3,3,0
iFoto,2024-01-18,Create high converting e-commerce images with AI studio,Design Tools,Productivity,E-Commerce,,431,Free Options,3,5/5 â,218,4,17,5.0,2024-01-18,3,3,1
Emailwish,2024-01-18,All in one email marketing platform for your ecommerce store,Email Marketing,E-Commerce,Marketing automation,,491,Free Options,1,5/5 â,275,5,19,5.0,2024-01-18,3,3,1
mentalport-app,2024-01-18,Unleash your best mental health: in a no-time & everyday way,Android,iOS,Biohacking,,393,Free Options,3,5/5 â,189,6,23,5.0,2024-01-18,3,3,1
Value Sense (Beta),2024-01-18,"Become an intelligent investor: fast, high-quality analytics",Fintech,Investing,Finance,,286,Free,0,0,76,7,36,0.0,2024-01-18,3,3,0
Shipped.club,2024-01-18,Lean Next.js boilerplate for indie makers to ship and earn.,Productivity,Developer Tools,Tech,,279,Payment Required,1,5/5 â,139,8,38,5.0,2024-01-18,3,3,2
Brainstory for Teams,2024-01-18,"Make decisions, not meetings",Productivity,Meetings,Remote Work,,287,Free,8,4.6/5 â,34,9,35,4.6,2024-01-18,3,3,0
PMFLIX,2024-01-18,Discover curated collection of product management videos,Education,Video,,,262,Free,0,0,135,10,39,0.0,2024-01-18,3,2,0
RowsX,2024-01-18,Scrape tables from thousands of websites instantly,Productivity,Marketing,Tech,,229,Free,152,4.9/5 â,81,11,46,4.9,2024-01-18,3,3,0
Social Proof Everywhere,2024-01-18,Collect and share testimonials everywhere,Chrome Extensions,Marketing,Marketing automation,,254,Free,27,5/5 â,71,12,51,5.0,2024-01-18,3,3,0
Broadcast 2.0,2024-01-18,Copilot for busy managers,Productivity,Meetings,Artificial Intelligence,,146,Free,0,0,43,13,63,0.0,2024-01-18,3,3,0
Sharly AI,2024-01-18,Chat with any document and PDF,Productivity,SaaS,Artificial Intelligence,,102,Free,7,5/5 â,25,14,70,5.0,2024-01-18,3,3,0
Superhuman AI for iPhone & iPad,2024-01-18,Write emails faster than ever. On the go.,Email,Writing,Artificial Intelligence,,143,Free Options,94,4.8/5 â,22,15,73,4.8,2024-01-18,3,3,1
Marketing Calendar + Planner 2024,2024-01-18,Save 30+ hours with this marketing ideas generator,Email Marketing,Marketing,,,99,Free,10,4.9/5 â,40,16,81,4.9,2024-01-18,3,2,0
Support OS by Threado AI,2024-01-18,100+ hours of support insights & curated resources for free,Customer Success,SaaS,Artificial Intelligence,,85,Free Options,65,4.8/5 â,39,17,89,4.8,2024-01-18,3,3,1
Photify AI,2024-01-19,Generate vivid AI portraits in seconds,Android,Artificial Intelligence,Entertainment,,0,Free Options,30,4.8/5 â,602,1,2,4.8,2024-01-19,4,3,1
RepoCloud,2024-01-19,"One-click deploy 200+ SaaS alternatives, elastic autoscaling",Open Source,SaaS,Developer Tools,,517,Free Options,5,4.8/5 â,250,2,12,4.8,2024-01-19,4,3,1
Koosh,2024-01-19,Transform static websites into dynamic experience,Design Tools,E-Commerce,Video,,507,Free Options,3,5/5 â,186,3,24,5.0,2024-01-19,4,3,1
Free AI Writing & Generators Tools,2024-01-19,Your ultimate assistant for content creation,Artificial Intelligence,,,,413,Free,0,0,200,4,28,0.0,2024-01-19,4,1,0
Infinity Shortcuts,2024-01-19,Supercharge your iPhone with Shortcuts and AI,iOS,Productivity,Artificial Intelligence,,282,Free,1,5/5 â,65,5,31,5.0,2024-01-19,4,3,0
Seamless feedback reports by Meander,2024-01-19,Get the insights you need to grow your career,Education,Artificial Intelligence,Career,,247,Free Options,45,4.9/5 â,74,6,47,4.9,2024-01-19,4,3,1
AI Steve,2024-01-19,Reads your website and gives you strategy advice,Marketing,Artificial Intelligence,Startup Lessons,,170,Free,1,5/5 â,61,7,61,5.0,2024-01-19,4,3,0
CuServly,2024-01-19,Only AI powered chatbot you need for your business,Robots,Artificial Intelligence,Bots,,75,Free Options,2,4.5/5 â,49,8,67,4.5,2024-01-19,4,3,1
TrackOrder,2024-01-19,Create order tracking pages for your ecommerce,E-Commerce,,,,130,Free Options,5,5/5 â,83,9,66,5.0,2024-01-19,4,1,1
Studyy - Instant Flashcards,2024-01-19,"Scan, learn, memorize",iOS,Education,Artificial Intelligence,,121,Free Options,0,0,48,10,72,0.0,2024-01-19,4,3,1
Axonn,2024-01-19,Personalized AI to help you grow your Twitter and LinkedIn,Twitter,Social Media,Artificial Intelligence,,110,Free Options,4,4.8/5 â,63,11,77,4.8,2024-01-19,4,3,1
Dollie,2024-01-19,Intelligent WordPress management,SaaS,WordPress,Artificial Intelligence,,95,Free Options,6,5/5 â,32,12,85,5.0,2024-01-19,4,3,1
Backchannel,2024-01-19,Get verified references for your next hires or collaborators,Hiring,Fundraising,,,87,Free,0,0,22,13,92,0.0,2024-01-19,4,2,0
RedditChatLab,2024-01-19,"Conduct research, brainstorm unique business ideas instantly",Productivity,Artificial Intelligence,Bots,,64,Free Options,0,0,30,14,110,0.0,2024-01-19,4,3,1
Create Like Ninja,2024-01-19,"Create content for blog, articles and social powered by AI",Productivity,Writing,Artificial Intelligence,,52,Free Options,2,5/5 â,21,15,120,5.0,2024-01-19,4,3,1
Cubicle,2024-01-19,Batch your to do list in 20 minute sprints,Productivity,Task Management,Remote Work,,53,Payment Required,0,0,39,16,122,0.0,2024-01-19,4,3,2
Amica,2024-01-19,"Open Source 3D Personal AI with Emotion, Voice and Vision",Open Source,Artificial Intelligence,GitHub,,47,Free,0,0,13,17,127,0.0,2024-01-19,4,3,0
Runology,2024-01-19,The first AI powered sport app that analyses your running.,Health & Fitness,Sports,Running,,47,Free Options,0,0,31,18,132,0.0,2024-01-19,4,3,1
Scopechat,2024-01-20,Trading crypto? Ask Scopechat,Investing,Crypto,Artificial Intelligence,,648,Free Options,38,4.9/5 â,194,1,13,4.9,2024-01-20,5,3,1
not8,2024-01-20,Your ultimate product improvement assistant,Productivity,Task Management,Notes,,512,Free Options,7,4.7/5 â,151,2,22,4.7,2024-01-20,5,3,1
Gyre,2024-01-20,Tool for 24/7 live streaming of pre-recorded content,Streaming Services,YouTube,Live Events,,326,Free Options,3,5/5 â,69,3,32,5.0,2024-01-20,5,3,1
Cloodo WhatsApp CRM,2024-01-20,"Where CRM meets WhatsApp, conversations convert",Productivity,Analytics,Tech,,242,Free Options,2,4/5 â,73,4,49,4.0,2024-01-20,5,3,1
Safes,2024-01-20,Digital safety for children & families,Android,Parenting,User Experience,,227,Free Options,2,5/5 â,52,5,50,5.0,2024-01-20,5,3,1
Flush AI,2024-01-20,"Rapidly run, chain together & deploy AI art models",Design Tools,Art,Developer Tools,,162,Free Options,0,0,25,6,60,0.0,2024-01-20,5,3,1
Explorify,2024-01-20,"Maps, Viator and OpenAI had a child, guess who the father is",Travel,Artificial Intelligence,,,80,Free Options,0,0,30,7,91,0.0,2024-01-20,5,2,1
AItoZee - Your Creative AI Playground,2024-01-20,"AItoZee is your go-to hub for AI code, content & image",Writing,Marketing,Artificial Intelligence,,69,Free Options,0,0,49,8,97,0.0,2024-01-20,5,3,1
Rec & Pin,2024-01-20,Content verification platform,Android,Productivity,News,,72,Free Options,0,0,79,9,100,0.0,2024-01-20,5,3,1
AI Lawyer 2.0,2024-01-21,"Co-pilot for lawyers, instant legal help for consumers",Android,Productivity,Legal,,748,Free Options,7,3.9/5 â,183,1,11,3.9,2024-01-21,6,3,1
JustPoll,2024-01-21,"Nothing has ever been this easy, create, live, share poll",Web App,Anonymous,Community,,375,Free,1,5/5 â,84,2,30,5.0,2024-01-21,6,3,0
Is It You?,2024-01-21,Your chatbot advocate that chats exactly like you,Messaging,Social Network,Artificial Intelligence,,316,Free,0,0,125,3,34,0.0,2024-01-21,6,3,0
HabitDone,2024-01-21,Achieve goals and motivate,Android,Health & Fitness,Productivity,,273,Free,2,5/5 â,88,4,43,5.0,2024-01-21,6,3,0
WittyWingMan,2024-01-21,Your AI wingman,Dating,Marketing,Artificial Intelligence,,243,Free,0,0,52,5,52,0.0,2024-01-21,6,3,0
xZoom.app,2024-01-21,Advanced camera for the iPhone,Tech,,,,153,Free Options,0,0,79,6,64,0.0,2024-01-21,6,1,1
Anime Inbox,2024-01-21,Anime news at your fingertips,News,Newsletters,Entertainment,,98,Free,1,5/5 â,66,7,80,5.0,2024-01-21,6,3,0
WorkReel,2024-01-21,A video centric hiring platform for the service sector,Hiring,,,,82,Free Options,3,5/5 â,26,8,87,5.0,2024-01-21,6,1,1
Meme On,2024-01-21,"A Social Network By Memers, for Memers! ð­",Social Media,Internet of Things,,,36,Free,0,0,3,0,0,0.0,2024-01-21,6,2,0
Bonkers,22-01-2024,Simplest ever text-to-image generator,Productivity,Marketing,Artificial Intelligence,https://www.producthunt.com/posts/bonkers-2/embed,844,Free Options,211,4.7/5 ?,209,1,7,4.7,2024-01-22,0,3,1
Composer IRA,22-01-2024,Active automated trading in your retirement account,Fintech,Investing,Artificial Intelligence,https://www.producthunt.com/posts/composer-ira/embed,461,Free Options,21,4.6/5 ?,148,2,16,4.6,2024-01-22,0,3,1
24me,22-01-2024,Smart Personal Assistant,Android,Productivity,Task Management,https://www.producthunt.com/posts/24me-5/embed,375,Free,0,0,146,3,21,0.0,2024-01-22,0,3,0
Holly,22-01-2024,Your AI recruiter,Hiring,Productivity,Artificial Intelligence,https://www.producthunt.com/posts/holly-3/embed,331,Free Options,7,4.9/5 ?,112,4,32,4.9,2024-01-22,0,3,1
gemdomains,22-01-2024,"Expired domains, made easy",Marketing,SEO,Search,https://www.producthunt.com/posts/gemdomains/embed,319,Free,0,0,78,5,35,0.0,2024-01-22,0,3,0
Kyugo 2.0,22-01-2024,"Time is your superpower, visualize your day your way",Android,iOS,Productivity,https://www.producthunt.com/posts/kyugo-2-0/embed,250,Free Options,9,4.8/5 ?,101,6,39,4.8,2024-01-22,0,3,1
Micro StartUps Acquisitions,22-01-2024,"Discover, buy & sell website ventures",Investing,SaaS,E-Commerce,https://www.producthunt.com/posts/micro-startups-acquisitions/embed,189,Free Options,13,4.9/5 ?,81,7,51,4.9,2024-01-22,0,3,1
Auro,22-01-2024,AI digital voice journal,iOS,Lifestyle,Health,https://www.producthunt.com/posts/auro-2/embed,141,Free Options,0,0,43,8,57,0.0,2024-01-22,0,3,1
Annotate,22-01-2024,Menubar app to draw on any app or screen on macOS,Design Tools,Productivity,Menu Bar Apps,https://www.producthunt.com/posts/annotate-6/embed,125,Payment Required,0,0,57,9,66,0.0,2024-01-22,0,3,2
DevMail,22-01-2024,Email sandbox for software developers,Email,Email Marketing,Developer Tools,https://www.producthunt.com/posts/devmail/embed,118,Free Options,0,0,29,10,68,0.0,2024-01-22,0,3,1
Blacksmith InfoSec,22-01-2024,Information security management system crafted for SMBs,SaaS,Security,,https://www.producthunt.com/posts/blacksmith-infosec/embed,81,Payment Required,0,0,17,11,86,0.0,2024-01-22,0,2,2
Career Recipes by Adaptiv,22-01-2024,Personalised career road-map powered by Generative AI,Education,Artificial Intelligence,Career,https://www.producthunt.com/posts/career-recipes-by-adaptiv/embed,80,Free,1,5/5 ?,37,12,92,5.0,2024-01-22,0,3,0
Personaliz.ai,22-01-2024,Boost your outreach response rates with personalized videos,Sales,Marketing,Video,https://www.producthunt.com/posts/personaliz-ai/embed,111,Free Options,2,4.5/5 ?,14,13,78,4.5,2024-01-22,0,3,1
Free Logo Maker,22-01-2024,Create your free logo in minutes,Logo Design,,,https://www.producthunt.com/posts/free-logo-maker-2/embed,69,Free Options,0,0,26,14,100,0.0,2024-01-22,0,1,1
Prompt 3,22-01-2024,The best SSH app for iOS and macOS,Software Engineering,Developer Tools,,https://www.producthunt.com/posts/prompt-3-2/embed,82,Payment Required,1,5/5 ?,5,15,95,5.0,2024-01-22,0,2,2
PitchPal,22-01-2024,We find & pitch the best TikTok influencers for your product,Marketing,Social media marketing,,https://www.producthunt.com/posts/pitchpal-3/embed,56,Payment Required,0,0,30,16,120,0.0,2024-01-22,0,2,2
VidtoQuiz,22-01-2024,Generate quizzes from videos and export as google form,Education,SaaS,Artificial Intelligence,https://www.producthunt.com/posts/vidtoquiz/embed,29,Free Options,0,0,6,17,191,0.0,2024-01-22,0,3,1
Peerlist 1.0,23-01-2024,The professional network for people in tech,Hiring,Social Media,Community,https://www.producthunt.com/posts/peerlist-1-0/embed,0,Free,94,4.8/5 ?,310,1,3,4.8,2024-01-23,1,3,0
GrowthMentor,23-01-2024,Grow your startup faster with 1:1 mentorship,Marketing,Education,Consulting,https://www.producthunt.com/posts/growthmentor/embed,868,Payment Required,12,5/5 ?,224,2,6,5.0,2024-01-23,1,3,2
Quicklisting,23-01-2024,Submit your software startup to 150+ directories in 5 min,SEO,Growth Hacks,Marketing automation,https://www.producthunt.com/posts/quicklisting/embed,609,Payment Required,4,3.8/5 ?,163,3,9,3.8,2024-01-23,1,3,2
Brainner,23-01-2024,Automate resume screening with AI,Hiring,Artificial Intelligence,Human Resources,https://www.producthunt.com/posts/brainner/embed,569,Free Options,3,4.7/5 ?,168,4,11,4.7,2024-01-23,1,3,1
Stimch,23-01-2024,Marketing automation at a fair price,Email Marketing,CRM,Marketing automation,https://www.producthunt.com/posts/stimch/embed,563,Free Options,3,5/5 ?,157,5,18,5.0,2024-01-23,1,3,1
Recraft Image Model,23-01-2024,First AI with high-quality images in user-uploaded style,Design Tools,Artificial Intelligence,Graphic Design,https://www.producthunt.com/posts/recraft-image-model/embed,558,Free,46,4.8/5 ?,154,6,19,4.8,2024-01-23,1,3,0
TIRA by Formation,23-01-2024,Test your coding skills and land a higher paying job,Software Engineering,Developer Tools,Online Learning,https://www.producthunt.com/posts/tira-by-formation/embed,239,Free,1,5/5 ?,72,7,42,5.0,2024-01-23,1,3,0
ReplyGuy,23-01-2024,AI that mentions your product in online convos naturally,Marketing,,,https://www.producthunt.com/posts/replyguy/embed,230,Free,2,5/5 ?,80,8,46,5.0,2024-01-23,1,1,0
brikly,23-01-2024,An agency as a platform to hire engineers,Hiring,Productivity,Software Engineering,https://www.producthunt.com/posts/brikly/embed,149,Free Options,1,5/5 ?,68,9,53,5.0,2024-01-23,1,3,1
Text Reader AI,23-01-2024,Free text-to-speech generator with realistic AI voices,Productivity,Artificial Intelligence,Audio,https://www.producthunt.com/posts/text-reader-ai/embed,149,Free,1,5/5 ?,89,10,54,5.0,2024-01-23,1,3,0
izTalk,23-01-2024,Break the language barrier with izTalk,Android,Languages,Artificial Intelligence,https://www.producthunt.com/posts/iztalk/embed,277,Free Options,63,4.9/5 ?,116,11,56,4.9,2024-01-23,1,3,1
Stride Ecosystem,23-01-2024,A community of founders,Tech,Live Events,Community,https://www.producthunt.com/posts/stride-ecosystem-2/embed,124,Free,21,5/5 ?,75,12,64,5.0,2024-01-23,1,3,0
Wave AI Note Taker for iOS,23-01-2024,Transcribe + summarize audio and phone calls in any language,iOS,Productivity,Notes,https://www.producthunt.com/posts/wave-ai-note-taker-for-ios/embed,123,Free Options,12,5/5 ?,25,13,71,5.0,2024-01-23,1,3,1
Sparkling,23-01-2024,Daily AI curated content for chief product officers,Chrome Extensions,Productivity,News,https://www.producthunt.com/posts/sparkling/embed,86,Free,0,0,50,14,82,0.0,2024-01-23,1,3,0
SocialKiwi,23-01-2024,Social media management made easy,Productivity,Social Media,Marketing,https://www.producthunt.com/posts/socialkiwi/embed,103,Free Options,1,5/5 ?,46,15,76,5.0,2024-01-23,1,3,1
KeyRunner,23-01-2024,The zero trust API client,API,SaaS,Security,https://www.producthunt.com/posts/keyrunner/embed,68,Free,0,0,14,16,87,0.0,2024-01-23,1,3,0
Kojo Design,23-01-2024,"On demand, unlimited design + code inside Notion",Productivity,Design resources,Notion,https://www.producthunt.com/posts/kojo-design/embed,87,Free Options,1,5/5 ?,16,17,83,5.0,2024-01-23,1,3,1
Findr,24-01-2024,"Search all your apps, at once",Productivity,SaaS,Artificial Intelligence,https://www.producthunt.com/posts/findr-5/embed,0,Free,48,4.9/5 ?,554,1,1,4.9,2024-01-24,2,3,0
Callbell Shop,24-01-2024,Create your free WhatsApp store in minutes,Messaging,Social Media,Marketing,https://www.producthunt.com/posts/callbell-shop/embed,0,Free,11,4.6/5 ?,71,2,5,4.6,2024-01-24,2,3,0
AdCreative.ai V5,24-01-2024,Generate ad creatives that outperform your competitors,Marketing,Advertising,Artificial Intelligence,https://www.producthunt.com/posts/adcreative-ai-v5/embed,460,Free Options,274,4/5 ?,107,3,15,4.0,2024-01-24,2,3,1
M1-project: Marketing Strategy Generator,24-01-2024,Craft your startup's winning marketing strategy with AI,Marketing,Advertising,Artificial Intelligence,https://www.producthunt.com/posts/m1-project-marketing-strategy-generator/embed,532,Free Options,4,5/5 ?,209,4,20,5.0,2024-01-24,2,3,1
Graphy for Marketers,24-01-2024,The fastest way to unify your marketing data,Productivity,Marketing,Data Visualization,https://www.producthunt.com/posts/graphy-for-marketers/embed,485,Free Options,28,5/5 ?,408,5,22,5.0,2024-01-24,2,3,1
Taped.ai,24-01-2024,"Transcribe and summarize audio, images into clear text",Productivity,Writing,Artificial Intelligence,https://www.producthunt.com/posts/taped-ai/embed,222,Free Options,2,5/5 ?,52,6,28,5.0,2024-01-24,2,3,1
Stylebit,24-01-2024,"Measure, analyze & boost design system adoption",Design Tools,Developer Tools,Data & Analytics,https://www.producthunt.com/posts/stylebit/embed,334,Free Options,6,5/5 ?,211,7,31,5.0,2024-01-24,2,3,1
Jusi,24-01-2024,AI platform for rapid launch of website & app development,Productivity,Artificial Intelligence,Tech,https://www.producthunt.com/posts/jusi/embed,287,Free,22,5/5 ?,53,8,41,5.0,2024-01-24,2,3,0
BLiiNK,24-01-2024,AI solution for healthier & more productive computer work,Productivity,Artificial Intelligence,Health,https://www.producthunt.com/posts/bliink/embed,297,Free Options,12,5/5 ?,184,9,36,5.0,2024-01-24,2,3,1
Vepaar,24-01-2024,Stop juggling between salesforce and WhatsApp,Messaging,Sales,CRM,https://www.producthunt.com/posts/vepaar-3/embed,234,Payment Required,21,4.8/5 ?,46,10,43,4.8,2024-01-24,2,3,2
Byword,24-01-2024,Generate high-quality SEO articles at scale,Marketing,SEO,Artificial Intelligence,https://www.producthunt.com/posts/byword-3/embed,175,Free Options,4,5/5 ?,74,11,49,5.0,2024-01-24,2,3,1
Aspen,24-01-2024,Blazing fast API tester with AI helper & no login required,API,Developer Tools,Artificial Intelligence,https://www.producthunt.com/posts/aspen-2/embed,158,Free,1,5/5 ?,59,12,50,5.0,2024-01-24,2,3,0
Frontitude Developer Pack,24-01-2024,"Automate UX content workflows, from design to anywhere",Design Tools,Productivity,User Experience,https://www.producthunt.com/posts/frontitude-developer-pack/embed,101,Free Options,17,5/5 ?,35,13,85,5.0,2024-01-24,2,3,1
Keep it shot,24-01-2024,"Rename, organize, quickly find your screenshots on Mac",Productivity,,,https://www.producthunt.com/posts/keep-it-shot/embed,172,Free,2,4.5/5 ?,39,14,59,4.5,2024-01-24,2,1,0
Frontend Arena,24-01-2024,"Submit a Figma design, watch developers battle to build it",Hiring,Freelance,Developer Tools,https://www.producthunt.com/posts/frontend-arena/embed,75,Free,0,0,28,15,93,0.0,2024-01-24,2,3,0
Palworld,24-01-2024,"Fight, farm, build and work alongside mysterious creatures",Games,,,https://www.producthunt.com/posts/palworld/embed,82,Payment Required,0,0,8,16,91,0.0,2024-01-24,2,1,2
Seren,24-01-2024,Interactive self-reflection,Android,Health & Fitness,Artificial Intelligence,https://www.producthunt.com/posts/seren/embed,70,Free Options,7,5/5 ?,24,17,103,5.0,2024-01-24,2,3,1
Amie,25-01-2024,The joyful productivity app,Productivity,User Experience,Design,https://www.producthunt.com/posts/amie-5/embed,0,Free,106,4.5/5 ?,203,1,2,4.5,2024-01-25,3,3,0
Sequence,25-01-2024,Supercharge your money with the worlds first money router,Fintech,No-Code,,https://www.producthunt.com/posts/sequence-2/embed,802,Payment Required,2,1/5 ?,136,2,10,1.0,2024-01-25,3,2,2
Dokin,25-01-2024,The Canva of data analytics,Productivity,Sales,Marketing,https://www.producthunt.com/posts/dokin/embed,657,Free Options,4,5/5 ?,341,3,12,5.0,2024-01-25,3,3,1
Corbado,25-01-2024,Passkey-first authentication for developers,User Experience,Developer Tools,SDK,https://www.producthunt.com/posts/corbado/embed,674,Free Options,7,5/5 ?,350,4,13,5.0,2024-01-25,3,3,1
Sketch Logo AI,25-01-2024,"Craft logos, illustrations and tattoos in seconds with AI",Design Tools,Productivity,Sketch,https://www.producthunt.com/posts/sketch-logo-ai/embed,375,Payment Required,1,5/5 ?,51,5,25,5.0,2024-01-25,3,3,2
Fountain Podcast App,25-01-2024,"Discover, share and support podcasts - powered by Bitcoin",iOS,Music,Tech,https://www.producthunt.com/posts/fountain-podcast-app/embed,354,Free,8,5/5 ?,111,6,29,5.0,2024-01-25,3,3,0
Venture GPT,25-01-2024,AI copilot for startup founders and VC investors,Investing,Venture Capital,Artificial Intelligence,https://www.producthunt.com/posts/venture-gpt/embed,272,Free,2,5/5 ?,102,7,38,5.0,2024-01-25,3,3,0
ShipLog,25-01-2024,The changelog your users will actually read,Marketing,Developer Tools,Maker Tools,https://www.producthunt.com/posts/shiplog/embed,237,Free,34,4.9/5 ?,39,8,47,4.9,2024-01-25,3,3,0
Steve AI 2.0,25-01-2024,Worlds 1st Next-Gen AI (Do It All) video creation platform,Productivity,Artificial Intelligence,Video,https://www.producthunt.com/posts/steve-ai-2-0/embed,143,Free,10,4.8/5 ?,54,9,63,4.8,2024-01-25,3,3,0
Specify 2.0,25-01-2024,Your design token engine,Design Tools,Productivity,Developer Tools,https://www.producthunt.com/posts/specify-2-0/embed,174,Free Options,20,5/5 ?,46,10,52,5.0,2024-01-25,3,3,1
AI Client Finder,25-01-2024,Find your potential clients accurate contact data with AI,Productivity,Sales,Marketing,https://www.producthunt.com/posts/ai-client-finder/embed,120,Free Options,0,0,42,11,60,0.0,2024-01-25,3,3,1
Invoicer Studio,25-01-2024,Easily create invoices from a live editor,Design Tools,Productivity,Finance,https://www.producthunt.com/posts/invoicer-studio/embed,134,Free,0,0,26,12,65,0.0,2024-01-25,3,3,0
Jellypod,25-01-2024,Your personal AI podcast,News,Newsletters,Artificial Intelligence,https://www.producthunt.com/posts/jellypod-2/embed,169,Free Options,0,0,57,13,55,0.0,2024-01-25,3,3,1
Worklife,25-01-2024,The recognition platform for modern teams,Slack,Productivity,Human Resources,https://www.producthunt.com/posts/worklife-3/embed,99,Free Options,0,0,40,14,80,0.0,2024-01-25,3,3,1
Startilla,25-01-2024,AI powered business development assistant,Productivity,Marketing,Artificial Intelligence,https://www.producthunt.com/posts/startilla/embed,107,Free,0,0,24,15,79,0.0,2024-01-25,3,3,0
SQL Database Schema Generator,25-01-2024,Generate a 100% free database schema for your project,Developer Tools,Artificial Intelligence,Tech,https://www.producthunt.com/posts/sql-database-schema-generator/embed,82,Free,1,5/5 ?,14,16,90,5.0,2024-01-25,3,3,0
Personalized Content Marketing Plan,25-01-2024,SEO driven content marketing strategy with just a click,Marketing,SEO,Artificial Intelligence,https://www.producthunt.com/posts/personalized-content-marketing-plan/embed,80,Free Options,145,5/5 ?,27,17,96,5.0,2024-01-25,3,3,1
PreSeed Now Startup Tracker,25-01-2024,Find and identify high-potential pre-seed startups in the UK,Venture Capital,Tech,,https://www.producthunt.com/posts/preseed-now-startup-tracker/embed,71,Payment Required,0,0,19,18,101,0.0,2024-01-25,3,2,2
AI Godfathers,25-01-2024,Become part of AI history,Artificial Intelligence,Community,,https://www.producthunt.com/posts/ai-godfathers/embed,62,Free,0,0,22,19,111,0.0,2024-01-25,3,2,0
Find Me a Restaurant,25-01-2024,Your daily recommendation is a tap away,Coffee,Food & Drink,Dining,https://www.producthunt.com/posts/find-me-a-restaurant/embed,58,Free,0,0,37,20,121,0.0,2024-01-25,3,3,0
Linearity Move,26-01-2024,Create powerful animations in record time,Design Tools,Marketing,Animation,https://www.producthunt.com/posts/linearity-move/embed,859,Free,7,4.9/5 ?,180,1,8,4.9,2024-01-26,4,3,0
Pricing Page Generator,26-01-2024,For Shadcn UI or React/TailwindCSS,Design Tools,Developer Tools,Web Design,https://www.producthunt.com/posts/pricing-page-generator/embed,614,Free,4,5/5 ?,125,2,17,5.0,2024-01-26,4,3,0
Readvox,26-01-2024,Chrome Extension that will read texts on web pages for you,eBook Reader,Productivity,Artificial Intelligence,https://www.producthunt.com/posts/readvox/embed,237,Free,1,5/5 ?,95,3,33,5.0,2024-01-26,4,3,0
Free Calendar Dashboard,26-01-2024,Get your schedule recap in 3 minutes,Productivity,Analytics,Calendar,https://www.producthunt.com/posts/free-calendar-dashboard/embed,272,Free,36,5/5 ?,65,4,40,5.0,2024-01-26,4,3,0
WishSpace,26-01-2024,All-in-one social wishlist manager,Android,iOS,Social Network,https://www.producthunt.com/posts/wishspace/embed,234,Free Options,1,5/5 ?,84,5,45,5.0,2024-01-26,4,3,1
Amicons,26-01-2024,Your friendly local icon library,Icons,Design,Design resources,https://www.producthunt.com/posts/amicons/embed,183,Payment Required,0,0,45,6,48,0.0,2024-01-26,4,3,2
Opendraft,26-01-2024,"Generate 2,000+ word articles with AI",SEO,Artificial Intelligence,No-Code,https://www.producthunt.com/posts/opendraft/embed,141,Free Options,2,5/5 ?,41,7,62,5.0,2024-01-26,4,3,1
Paywall Removers,26-01-2024,Remove paywalls on any article for free,News,Political news,Tech news,https://www.producthunt.com/posts/paywall-removers/embed,117,Free,2,5/5 ?,25,8,70,5.0,2024-01-26,4,3,0
Fouita,26-01-2024,Smart widgets for your website,User Experience,Marketing,SaaS,https://www.producthunt.com/posts/fouita/embed,113,Free Options,6,5/5 ?,55,9,72,5.0,2024-01-26,4,3,1
Glassfy,26-01-2024,The in-app subscriptions platform,Open Source,Development,SDK,https://www.producthunt.com/posts/glassfy/embed,108,Free Options,2,5/5 ?,16,10,73,5.0,2024-01-26,4,3,1
Sune AI,26-01-2024,The collaborative AI operating system,Productivity,SaaS,Artificial Intelligence,https://www.producthunt.com/posts/sune-ai/embed,109,Free,1,5/5 ?,16,11,74,5.0,2024-01-26,4,3,0
Spotify Campaign Kit,26-01-2024,"Turn up your music, build lifelong fans",Music,Spotify,Marketing,https://www.producthunt.com/posts/spotify-campaign-kit/embed,116,Free,0,0,12,12,77,0.0,2024-01-26,4,3,0
DataLang,26-01-2024,Chat with your databases,Messaging,SaaS,Artificial Intelligence,https://www.producthunt.com/posts/datalang/embed,65,Payment Required,0,0,20,13,105,0.0,2024-01-26,4,3,2
Mystery Search,26-01-2024,"Google, but you get the last person's search",Web App,Funny,Tech,https://www.producthunt.com/posts/mystery-search-3/embed,64,Free,1,5/5 ?,14,14,112,5.0,2024-01-26,4,3,0
The Lost Manual,26-01-2024,Search through millions of user manuals,Productivity,,,https://www.producthunt.com/posts/the-lost-manual/embed,65,Free,0,0,22,15,113,0.0,2024-01-26,4,1,0
SellScale Email Grader,26-01-2024,Get instant feedback on your sales emails,Sales,Artificial Intelligence,,https://www.producthunt.com/posts/sellscale-email-grader/embed,62,Free,1,5/5 ?,6,16,114,5.0,2024-01-26,4,2,0
Elevator Pitch Generator,26-01-2024,Generate a winning elevator pitch with AI in seconds,Productivity,Venture Capital,Fundraising,https://www.producthunt.com/posts/elevator-pitch-generator/embed,59,Free,27,4.9/5 ?,24,17,128,4.9,2024-01-26,4,3,0
Organiser,26-01-2024,A search engine for your image library,Productivity,SaaS,Artificial Intelligence,https://www.producthunt.com/posts/organiser/embed,63,Free Options,7,5/5 ?,11,18,122,5.0,2024-01-26,4,3,1
SmartBudget,26-01-2024,Film budgeting made easy,Movies,Budgeting,,https://www.producthunt.com/posts/smartbudget/embed,48,Free,1,5/5 ?,21,19,143,5.0,2024-01-26,4,2,0
YeyPin,26-01-2024,Turn sharing links into conversions in just minutes,Marketing,,,https://www.producthunt.com/posts/yeypin/embed,46,Free Options,0,0,10,20,139,0.0,2024-01-26,4,1,1
Letterly,27-01-2024,Turn your speech into well-written text,Writing,Notes,Artificial Intelligence,https://www.producthunt.com/posts/letterly-2/embed,0,Free Options,3,5/5 ?,693,1,4,5.0,2024-01-27,5,3,1
Maika Assistant 1.0,27-01-2024,"Chat, watch, read, write, note-taking - save time, free mind",Productivity,Artificial Intelligence,Tech,https://www.producthunt.com/posts/maika-assistant-1-0/embed,358,Free Options,11,5/5 ?,183,2,23,5.0,2024-01-27,5,3,1
Kuasar Video AI,27-01-2024,Social media video analytics with Video AI,Social Media,Analytics,Artificial Intelligence,https://www.producthunt.com/posts/kuasar-video-ai/embed,487,Free,5,5/5 ?,110,3,24,5.0,2024-01-27,5,3,0
Project Plan Generator,27-01-2024,Turn your project into an actionable plan,Artificial Intelligence,Side Project,Operations,https://www.producthunt.com/posts/project-plan-generator/embed,377,Free,0,0,99,4,30,0.0,2024-01-27,5,3,0
CMDExplorer,27-01-2024,Your guide to 100+ command line magic,Education,Development,Online Learning,https://www.producthunt.com/posts/cmdexplorer/embed,242,Free,0,0,39,5,44,0.0,2024-01-27,5,3,0
kuizu,27-01-2024,AI for couples,Android,iOS,Health & Fitness,https://www.producthunt.com/posts/kuizu/embed,135,Free,0,0,52,6,61,0.0,2024-01-27,5,3,0
ZeroInbox.ai,27-01-2024,AI email organizer,Artificial Intelligence,,,https://www.producthunt.com/posts/zeroinbox-ai/embed,98,Free Options,4,5/5 ?,52,7,84,5.0,2024-01-27,5,1,1
DevHub,27-01-2024,Offline applications to support developers' daily tasks,Developer Tools,,,https://www.producthunt.com/posts/devhub-6/embed,75,Free,0,0,11,8,89,0.0,2024-01-27,5,1,0
Rkiez,27-01-2024,"Focus, tasks, stats, daily schedule boost productivity",Android,Task Management,Time Tracking,https://www.producthunt.com/posts/rkiez/embed,68,Free Options,0,0,29,9,97,0.0,2024-01-27,5,3,1
Roadrunner,27-01-2024,Twin-turbojet VTOL autonomous air vehicle,Artificial Intelligence,Military,,https://www.producthunt.com/posts/roadrunner-2/embed,73,Payment Required,0,0,11,10,98,0.0,2024-01-27,5,2,2
Blossom Social,27-01-2024,Community of investors sharing their portfolios and trades,Android,Fintech,Investing,https://www.producthunt.com/posts/blossom-social/embed,82,Free,0,0,17,11,67,0.0,2024-01-27,5,3,0
Handheld Design,27-01-2024,Discover best-in-class mobile design inspiration,Newsletters,Design,Community,https://www.producthunt.com/posts/handheld-design/embed,60,Free,0,0,22,12,119,0.0,2024-01-27,5,3,0
Do All The Things!,27-01-2024,"Comfort zone destroyer, share bucket lists  get inspired",Funny,Health & Fitness,Travel,https://www.producthunt.com/posts/do-all-the-things/embed,33,Free,0,0,11,13,176,0.0,2024-01-27,5,3,0
DutchFunding,27-01-2024,"Raise funds publicly, without the legal hassle",Crowdfunding,Legal,Fundraising,https://www.producthunt.com/posts/dutchfunding/embed,0,Payment Required,0,0,0,0,0,0.0,2024-01-27,5,3,2
Pine Deals,27-01-2024,Digital platform to get local updates in real time,Android,Customer Communication,Social Impact,https://www.producthunt.com/posts/pine-deals/embed,0,Free,0,0,0,0,0,0.0,2024-01-27,5,3,0
Ostradis VoC,27-01-2024,The WHO & why behind the sales of any product,Marketing,Artificial Intelligence,Business Intelligence,https://www.producthunt.com/posts/ostradis-voc/embed,0,Free,0,0,0,0,0,0.0,2024-01-27,5,3,0
Avi,27-01-2024,Elevate your journey with real-time flight tracking,Android,iOS,Travel,https://www.producthunt.com/posts/avi/embed,0,Free,0,0,0,0,0,0.0,2024-01-27,5,3,0
BetterScoreBoard by Xalting,27-01-2024,"Your scores on every screen, available on iOS and macOS",iOS,Mac,,https://www.producthunt.com/posts/betterscoreboard-by-xalting/embed,0,Free,0,0,0,0,0,0.0,2024-01-27,5,2,0
Balance Day Planner,27-01-2024,Plan your day in balance way with Notion,Productivity,Task Management,Calendar,https://www.producthunt.com/posts/balance-day-planner/embed,0,Free,0,0,0,0,0,0.0,2024-01-27,5,3,0
Restore Photos,27-01-2024,Using AI to restore old photos and blurry face pictures,Photography,Artificial Intelligence,,https://www.producthunt.com/posts/restore-photos/embed,0,Free,0,0,0,0,0,0.0,2024-01-27,5,2,0
AI navigator by Nexa AI,28-01-2024,Master AI tools before others do,Productivity,Artificial Intelligence,,https://www.producthunt.com/posts/ai-navigator-by-nexa-ai/embed,619,Free,12,4.8/5 ?,76,1,14,4.8,2024-01-28,6,2,0
ChatGPT Team,28-01-2024,"A customized, superassistant for every member of your team",Productivity,Artificial Intelligence,Tech,https://www.producthunt.com/posts/chatgpt-team/embed,595,Payment Required,531,4.7/5 ?,50,2,26,4.7,2024-01-28,6,3,2
ilcons,28-01-2024,The missing link between icons & illustrations,Design Tools,Marketing,Maker Tools,https://www.producthunt.com/posts/ilcons/embed,447,Free Options,91,4.8/5 ?,110,3,27,4.8,2024-01-28,6,3,1
Crewlix,28-01-2024,Modern yet simple HR platform for hybrid teams,Time Tracking,SaaS,Human Resources,https://www.producthunt.com/posts/crewlix/embed,335,Free Options,0,0,128,4,34,0.0,2024-01-28,6,3,1
MVP Tester,28-01-2024,Don't waste your time building the wrong idea,Analytics,A/B Testing,Marketing,https://www.producthunt.com/posts/mvp-tester/embed,346,Free Options,0,0,95,5,37,0.0,2024-01-28,6,3,1
Ad Roast,28-01-2024,The cost-effective way to improve ads,Marketing,Advertising,Business,https://www.producthunt.com/posts/ad-roast/embed,147,Free Options,0,0,58,6,58,0.0,2024-01-28,6,3,1
Leed,28-01-2024,Collect leads through your GPTs,Sales,Artificial Intelligence,,https://www.producthunt.com/posts/leed/embed,121,Free,0,0,24,7,69,0.0,2024-01-28,6,2,0
SpeakSmart,28-01-2024,"Mock interviews: unlimited, anywhere, anytime",Hiring,Human Resources,Career,https://www.producthunt.com/posts/speaksmart/embed,90,Payment Required,0,0,36,9,81,0.0,2024-01-28,6,3,2
RentalRunner,28-01-2024,"Airbnb hosting made easy: sync, schedule & manage with ease",SaaS,Vacation,Home services,https://www.producthunt.com/posts/rentalrunner/embed,81,Free,0,0,23,10,88,0.0,2024-01-28,6,3,0
Reditus Affiliate Marketing Academy,28-01-2024,B2B SaaS Affiliate Academy: accelerate your program,SaaS,YouTube,Growth Hacks,https://www.producthunt.com/posts/reditus-affiliate-marketing-academy/embed,0,Free,0,0,0,0,0,0.0,2024-01-28,6,3,0
Biofolio,28-01-2024,Create portfolio link-in-bio with diverse templates,Design Tools,Social Network,Website Builder,https://www.producthunt.com/posts/biofolio/embed,0,Free Options,0,0,0,0,0,0.0,2024-01-28,6,3,1
Print Notion,28-01-2024,Apply table data to Notion pages for batch printing,Chrome Extensions,Marketing,CRM,https://www.producthunt.com/posts/print-notion/embed,0,Free Options,0,0,0,0,0,0.0,2024-01-28,6,3,1
Notion CRM 2.0,28-01-2024,Built by a salesforce consultant for small businesses,Operations,CRM,Notion,https://www.producthunt.com/posts/notion-crm-2-0/embed,0,Free Options,0,0,0,0,0,0.0,2024-01-28,6,3,1
San Francisco Property Tax Calculator,28-01-2024,Calculate your San Francisco property taxes,Fintech,,,https://www.producthunt.com/posts/san-francisco-property-tax-calculator/embed,0,Free,0,0,0,0,0,0.0,2024-01-28,6,1,0
ReadMeAI,28-01-2024,"One click, Al readme.md file, tailored for your codebase",Text Editors,Artificial Intelligence,Tech,https://www.producthunt.com/posts/readmeai/embed,0,Free,0,0,0,0,0,0.0,2024-01-28,6,3,0
WebWiz,28-01-2024,Empowering web enthusiasts with knowledge & innovation,Writing,Tech,,https://www.producthunt.com/posts/webwiz/embed,0,Free,0,0,0,0,0,0.0,2024-01-28,6,2,0
Write.bot,28-01-2024,"share their AI-generated insights, knowledge,",Writing,,,https://www.producthunt.com/posts/write-bot/embed,0,Free,0,0,0,0,0,0.0,2024-01-28,6,1,0
FastShotAI - Free AI Headshot Generator,28-01-2024,Generate free AI headshots in less than 30 seconds,Design Tools,Art,Photography,https://www.producthunt.com/posts/fastshotai-free-ai-headshot-generator/embed,0,Payment Required,0,0,0,0,0,0.0,2024-01-28,6,3,2
Mastering Developer Tools,28-01-2024,A comprehensive guide for empowering coders,Developer Tools,Artificial Intelligence,Books,https://www.producthunt.com/posts/mastering-developer-tools-2/embed,0,Free,0,0,0,0,0,0.0,2024-01-28,6,3,0
Daydream,29-01-2024,BI for people who run sh*t,Productivity,Analytics,Artificial Intelligence,https://www.producthunt.com/posts/daydream-3/embed,892,Free Options,1,5/5 ?,339,1,5,5.0,2024-01-29,0,3,1
AirBrush Studio,29-01-2024,AI headshot generator,Productivity,Marketing,Artificial Intelligence,https://www.producthunt.com/posts/airbrush-studio/embed,753,Free Options,6,4.7/5 ?,229,2,7,4.7,2024-01-29,0,3,1
Tart Finance,29-01-2024,Transform Chrome startpage to stock hub,Chrome Extensions,News,Fintech,https://www.producthunt.com/posts/tart-finance-16eb0b8f-c8b8-4ac7-8007-562f539e088b/embed,662,Free,4,5/5 ?,204,3,4,5.0,2024-01-29,0,3,0
Arc Search,29-01-2024,Fast and ad-free web browsing,iOS,Search,,https://www.producthunt.com/posts/arc-search/embed,0,Free,1,4/5 ?,112,4,8,4.0,2024-01-29,0,2,0
Blox,29-01-2024,Supercharge your financial planning and modelling,Finance,Business Intelligence,Budgeting,https://www.producthunt.com/posts/blox-6/embed,425,Free Options,15,5/5 ?,253,5,17,5.0,2024-01-29,0,3,1
Layerpath,29-01-2024,"Create interactive demos, guides & videos in minutes",Browser Extensions,Chrome Extensions,Design Tools,https://www.producthunt.com/posts/layerpath/embed,586,Free Options,11,5/5 ?,158,6,21,5.0,2024-01-29,0,3,1
Document Automation Hub by airSlate,29-01-2024,Every API you need to automate document workflows,API,Developer Tools,,https://www.producthunt.com/posts/document-automation-hub-by-airslate-2/embed,405,Free Options,2,5/5 ?,114,7,26,5.0,2024-01-29,0,2,1
GPT Analytics,29-01-2024,Revolutionize your GPT insights,Artificial Intelligence,Tech,,https://www.producthunt.com/posts/gpt-analytics/embed,279,Free Options,1,5/5 ?,200,8,42,5.0,2024-01-29,0,2,1
InterviewAI by Wonsulting,29-01-2024,Master your interview skills with AI,SaaS,Tech,Career,https://www.producthunt.com/posts/interviewai-by-wonsulting/embed,161,Free Options,23,4.8/5 ?,89,9,53,4.8,2024-01-29,0,3,1
Swif.ai,29-01-2024,Supercharge your device security and compliance,SaaS,Data,Security,https://www.producthunt.com/posts/swif-ai/embed,210,Free Options,0,0,128,10,48,0.0,2024-01-29,0,3,1
Quik MVP,29-01-2024,"Turn Ideas into reality, track progress effortlessly",SaaS,Artificial Intelligence,Business,https://www.producthunt.com/posts/quik-mvp-3/embed,179,Free Options,4,5/5 ?,82,11,59,5.0,2024-01-29,0,3,1
Minimal,29-01-2024,The minimal phone,Hardware,Cell Phone,,https://www.producthunt.com/posts/minimal-3/embed,217,Payment Required,0,0,38,12,57,0.0,2024-01-29,0,2,2
PennyFlo,29-01-2024,AI co-pilot for CFOs & business owners,Fintech,SaaS,Artificial Intelligence,https://www.producthunt.com/posts/pennyflo/embed,106,Free Options,2,4.5/5 ?,34,13,81,4.5,2024-01-29,0,3,1
Lok Board,29-01-2024,Experience desktop class efficiency on your iPad,iOS,iPad,Productivity,https://www.producthunt.com/posts/lok-board/embed,109,Free Options,1,4/5 ?,14,14,86,4.0,2024-01-29,0,3,1
Unsqueeze,29-01-2024,Intelligent video upscaling powered by Metal,Apple,Video,,https://www.producthunt.com/posts/unsqueeze/embed,92,Free,1,4/5 ?,19,15,88,4.0,2024-01-29,0,2,0
Weave,29-01-2024,"Skip the code, weave AI into your workflows",SaaS,Developer Tools,Artificial Intelligence,https://www.producthunt.com/posts/weave-7/embed,83,Free Options,1,5/5 ?,13,16,94,5.0,2024-01-29,0,3,1
Elqi,29-01-2024,The end of phone addiction,iOS,Health & Fitness,Productivity,https://www.producthunt.com/posts/elqi/embed,97,Free,0,0,39,17,85,0.0,2024-01-29,0,3,0
IndiesRead.it,29-01-2024,Collaborative directory of hand-picked books for indies,Books,Maker Tools,Community,https://www.producthunt.com/posts/indiesread-it/embed,73,Free,0,0,41,18,111,0.0,2024-01-29,0,3,0
Emotsy,29-01-2024,"Elevate your emails, ignite emotions in every interaction",Email Marketing,Marketing,SaaS,https://www.producthunt.com/posts/emotsy-2/embed,52,Free Options,0,0,17,19,136,0.0,2024-01-29,0,3,1
Quiver,29-01-2024,The new app for rare conversations,Productivity,Social Media,Tech,https://www.producthunt.com/posts/quiver-6/embed,56,Free,1,5/5 ?,15,20,137,5.0,2024-01-29,0,3,0
Huudle AI Project Assistant,30-01-2024,"Connect meetings, track to-do, get aligned",Productivity,SaaS,Artificial Intelligence,https://www.producthunt.com/posts/huudle-ai-project-assistant/embed,0,Free,17,5/5 ?,972,1,1,5.0,2024-01-30,1,3,0
Sharetribe,30-01-2024,"No-code marketplace builder, fully extendable with code",API,SaaS,No-Code,https://www.producthunt.com/posts/sharetribe-2/embed,869,Free Options,25,4.9/5 ?,281,2,6,4.9,2024-01-30,1,3,1
Faltah AI Interview Simulator,30-01-2024,Get ready to pass your next interview,Hiring,Productivity,SaaS,https://www.producthunt.com/posts/faltah-ai-interview-simulator/embed,587,Free Options,10,4.6/5 ?,263,3,10,4.6,2024-01-30,1,3,1
Quiet Places Finder,30-01-2024,Find the quietest places in the worlds loudest cities,Health & Fitness,,,https://www.producthunt.com/posts/quiet-places-finder/embed,484,Free,42,4.9/5 ?,138,4,19,4.9,2024-01-30,1,1,0
Pebble,30-01-2024,"Bring your store to life with interactive, shoppable videos",Advertising,E-Commerce,Video,https://www.producthunt.com/posts/pebble-app/embed,321,Free Options,1,5/5 ?,145,5,23,5.0,2024-01-30,1,3,1
Blozum,30-01-2024,Increase Revenues 3X w/ our WhatsApp Sales AI Assistant,Messaging,Sales,Marketing,https://www.producthunt.com/posts/blozum/embed,249,Free Options,2,4.5/5 ?,72,6,29,4.5,2024-01-30,1,3,1
Open SaaS,30-01-2024,Open-source & 100% free React & Node.js SaaS starter,Open Source,Developer Tools,GitHub,https://www.producthunt.com/posts/open-saas/embed,535,Free,2,5/5 ?,136,7,27,5.0,2024-01-30,1,3,0
Podnotes,30-01-2024,"Transcribe, summarize and create content from your podcasts",Artificial Intelligence,Audio,,https://www.producthunt.com/posts/podnotes-2/embed,417,Free Options,0,0,126,8,30,0.0,2024-01-30,1,2,1
Shakker.Ai,30-01-2024,"Turn your imagination into images, in seconds",Design Tools,Artificial Intelligence,,https://www.producthunt.com/posts/shakker-ai/embed,271,Free Options,0,0,82,9,32,0.0,2024-01-30,1,2,1
Scope,30-01-2024,The only truly collaborative project management platform,Productivity,Task Management,Messaging,https://www.producthunt.com/posts/scope-8/embed,248,Free Options,2,5/5 ?,31,10,46,5.0,2024-01-30,1,3,1
Zerve AI,30-01-2024,What if Jupyter + Figma + VSCode had a baby?,Developer Tools,Artificial Intelligence,GitHub,https://www.producthunt.com/posts/zerve-ai/embed,331,Free,49,5/5 ?,96,11,37,5.0,2024-01-30,1,3,0
Flockler,30-01-2024,"Simple, fast shoppable feeds to grow your e-commerce store",Social Media,Marketing,E-Commerce,https://www.producthunt.com/posts/flockler/embed,296,Free Options,2,5/5 ?,64,12,41,5.0,2024-01-30,1,3,1
Omnipilot,30-01-2024,Autocomplete and in-context generation everywhere on macOS,Productivity,Developer Tools,Artificial Intelligence,https://www.producthunt.com/posts/omnipilot/embed,236,Free Options,5,3.4/5 ?,67,13,62,3.4,2024-01-30,1,3,1
AI Figma to Code by Anima,30-01-2024,Let Anima code like you,Design Tools,Developer Tools,Artificial Intelligence,https://www.producthunt.com/posts/ai-figma-to-code-by-anima/embed,139,Free Options,70,4.5/5 ?,12,14,67,4.5,2024-01-30,1,3,1
FluxNinja Aperture,30-01-2024,"A simple API for rate limiting, caching, prioritization",API,User Experience,Developer Tools,https://www.producthunt.com/posts/fluxninja-aperture/embed,156,Free Options,4,5/5 ?,27,15,64,5.0,2024-01-30,1,3,1
Martial Profile,30-01-2024,"The ultimate tool for martial artists, Kickstart your year",Android,Sports,Health,https://www.producthunt.com/posts/martial-profile/embed,110,Free,2,5/5 ?,31,16,72,5.0,2024-01-30,1,3,0
Screens,30-01-2024,Review contracts like expert attorneys,Privacy,Legal,Artificial Intelligence,https://www.producthunt.com/posts/screens-3/embed,109,Free Options,0,0,40,17,79,0.0,2024-01-30,1,3,1
ColdScribe,30-01-2024,An AI tool for generating personalized cold emails,Email,Sales,Email Marketing,https://www.producthunt.com/posts/coldscribe/embed,154,Free Options,0,0,76,18,68,0.0,2024-01-30,1,3,1
OpenCopilot v2,30-01-2024,"Siri, but for your product",User Experience,Artificial Intelligence,Tech,https://www.producthunt.com/posts/opencopilot-v2/embed,96,Payment Required,3,5/5 ?,16,19,89,5.0,2024-01-30,1,3,2
Trellus AI Autodialer,30-01-2024,Retrofit your dialer into a powerful AI autodialer,Productivity,Sales,Artificial Intelligence,https://www.producthunt.com/posts/trellus-ai-autodialer/embed,83,Free Options,10,5/5 ?,24,20,93,5.0,2024-01-30,1,3,1
Tailwind Studio,31-01-2024,Style your React app so fast,Web App,Developer Tools,Artificial Intelligence,https://www.producthunt.com/posts/tailwind-studio/embed,0,Free,2,5/5 ?,293,1,3,5.0,2024-01-31,2,3,0
OpenArt,31-01-2024,App store for AI image apps,Design Tools,SaaS,Artificial Intelligence,https://www.producthunt.com/posts/openart-2/embed,724,Free,30,4.5/5 ?,247,2,11,4.5,2024-01-31,2,3,0
GPTGuard,31-01-2024,Keep your ChatGPT conversations secure and private,Privacy,Artificial Intelligence,Bots,https://www.producthunt.com/posts/gptguard-2/embed,495,Free Options,1,5/5 ?,139,3,14,5.0,2024-01-31,2,3,1
Pagemaker,31-01-2024,Build converting landing pages in just 10 minutes,Design Tools,Freelance,Marketing,https://www.producthunt.com/posts/pagemaker-2/embed,519,Free Options,11,4.9/5 ?,93,4,22,4.9,2024-01-31,2,3,1
Share GPT,31-01-2024,"Share your GPTs with anyone, no OpenAI subscription needed",SaaS,Artificial Intelligence,No-Code,https://www.producthunt.com/posts/share-gpt/embed,212,Free Options,3,4/5 ?,39,5,36,4.0,2024-01-31,2,3,1
Timeular,31-01-2024,"Effortless, smart, secure automatic time and leave tracking",Productivity,Time Tracking,Quantified Self,https://www.producthunt.com/posts/timeular/embed,333,Free Options,28,5/5 ?,73,6,40,5.0,2024-01-31,2,3,1
Free Character Design By Museclip,31-01-2024,Transform character designs in real-time with AI,Design Tools,Marketing,Photography,https://www.producthunt.com/posts/free-character-design-by-museclip/embed,237,Free,0,0,68,7,45,0.0,2024-01-31,2,3,0
Cyclops,31-01-2024,Developer friendly Kubernetes,Open Source,Software Engineering,Developer Tools,https://www.producthunt.com/posts/cyclops/embed,245,Free,0,0,105,8,47,0.0,2024-01-31,2,3,0
Auto Subtitle Generator by LOVO,31-01-2024,"Fast, accurate subtitles with just one click",Productivity,Social Media,Marketing,https://www.producthunt.com/posts/auto-subtitle-generator-by-lovo/embed,227,Free Options,1,5/5 ?,89,9,49,5.0,2024-01-31,2,3,1
Pirsch Analytics 2.0,31-01-2024,Next level analytics for the modern web,Analytics,Developer Tools,Data Visualization,https://www.producthunt.com/posts/pirsch-analytics-2-0/embed,224,Free Options,17,? Digital Corsaire ?,55,10,51,0.0,2024-01-31,2,3,1
Nero AI Video Upscaler,31-01-2024,Upgrade your videos instantly,Design Tools,Artificial Intelligence,Photo & Video,https://www.producthunt.com/posts/nero-ai-video-upscaler/embed,206,Free Options,0,0,51,11,58,0.0,2024-01-31,2,3,1
Pixeebot,31-01-2024,Your automated product security engineer,Developer Tools,GitHub,Security,https://www.producthunt.com/posts/pixeebot/embed,220,Free,3,5/5 ?,59,12,54,5.0,2024-01-31,2,3,0
State of Email 2024,31-01-2024,Turn insights from 250+ email experts into results,Email,Email Marketing,Marketing,https://www.producthunt.com/posts/state-of-email-2024/embed,146,Free,23,5/5 ?,53,13,66,5.0,2024-01-31,2,3,0
LFG,31-01-2024,"Discover, curate and share places to go",Travel,Vacation,Community,https://www.producthunt.com/posts/lfg/embed,116,Free,1,5/5 ?,63,14,74,5.0,2024-01-31,2,3,0
Outseta Webflow App,31-01-2024,"Memberships, CRM & email within the Webflow designer",Payments,SaaS,No-Code,https://www.producthunt.com/posts/outseta-webflow-app/embed,118,Free Options,16,4.7/5 ?,51,15,75,4.7,2024-01-31,2,3,1
ListBox: Daily Planner,31-01-2024,"'If you want something done well, do it yourself""",Productivity,Task Management,,https://www.producthunt.com/posts/listbox-daily-planner/embed,225,Free Options,1,5/5 ?,15,16,70,5.0,2024-01-31,2,2,1
Translatespace,31-01-2024,Auto-localization for busy people - don't miss out on SEO,Languages,SEO,Developer Tools,https://www.producthunt.com/posts/translatespace/embed,111,Payment Required,1,5/5 ?,36,17,83,5.0,2024-01-31,2,3,2
Code Snippets AI,31-01-2024,Master your codebase + build your team code snippets library,Productivity,Developer Tools,Artificial Intelligence,https://www.producthunt.com/posts/code-snippets-ai-3/embed,103,Free Options,3,5/5 ?,34,18,87,5.0,2024-01-31,2,3,1
Chat Interface for OpenAI Assistants,31-01-2024,ChatGPT-like customer interactions in a website widget,Customer Success,Customer Communication,,https://www.producthunt.com/posts/chat-interface-for-openai-assistants/embed,98,Payment Required,7,4.4/5 ?,12,19,91,4.4,2024-01-31,2,2,2
Very Disco,31-01-2024,Everything ever mentioned in your favourite podcasts,Search,Audio,Data Visualization,https://www.producthunt.com/posts/very-disco/embed,94,Free,0,0,29,20,95,0.0,2024-01-31,2,3,0
